,minute,symbol,pnl,fee_paid,balance,qty,price,psize,pprice,type
0,13297,XRPUSDT,0.0,-0.40000103400000003,999.599998966,5752.1,0.3477,5752.1,0.3477,entry_initial_normal_long
1,13328,XRPUSDT,10.052359999999991,-0.03919351000000001,1009.613165456,-534.7,0.3665,5217.4,0.3477,close_trailing_long
2,13334,XRPUSDT,13.498780000000005,-0.040098368,1023.071847088,-537.8,0.3728,4679.6,0.3477,close_trailing_long
3,13341,XRPUSDT,9.808200000000008,-0.03985398600000001,1032.840193102,-544.9,0.3657,4134.7,0.3477,close_trailing_long
4,13373,XRPUSDT,14.962720000000001,-0.041246498000000006,1047.761666604,-550.1,0.3749,3584.6,0.3477,close_trailing_long
5,13382,XRPUSDT,11.831719999999999,-0.041176618000000005,1059.552209986,-558.1,0.3689,3026.5,0.3477,close_trailing_long
6,13394,XRPUSDT,9.141659999999995,-0.041069754,1068.652800232,-564.3,0.3639,2462.2,0.3477,close_trailing_long
7,13422,XRPUSDT,10.53020000000001,-0.04168820800000001,1079.141312024,-569.2,0.3662,1893.0,0.3477,close_trailing_long
8,13474,XRPUSDT,9.196800000000007,-0.041810952,1088.296301072,-574.8,0.3637,1318.2,0.3477,close_trailing_long
9,13612,XRPUSDT,0.0,-0.3536428960000001,1087.942658176,5707.6,0.3098,7025.8,0.31691090267300526,entry_initial_partial_long
10,13704,XRPUSDT,18.52880583335702,-0.054132624000000004,1106.4173313853569,-795.6,0.3402,6230.2,0.31691090267300526,close_trailing_long
11,13716,XRPUSDT,11.243790331634791,-0.043231676000000004,1117.6178900409916,-646.6,0.3343,5583.6,0.31691090267300526,close_trailing_long
12,13726,XRPUSDT,17.69188946426025,-0.04493328,1135.2648462252519,-653.1,0.344,4930.5,0.31691090267300526,close_trailing_long
13,13741,XRPUSDT,26.661447166728294,-0.047380028,1161.8789133639802,-663.4,0.3571,4267.1,0.31691090267300526,close_trailing_long
14,13748,XRPUSDT,21.448997085029415,-0.0473263,1183.2805841490097,-679.0,0.3485,3588.1,0.31691090267300526,close_trailing_long
15,13763,XRPUSDT,33.32276080161685,-0.05049333,1216.5528516206266,-691.5,0.3651,2896.6,0.31691090267300526,close_trailing_long
16,13772,XRPUSDT,25.584649289760556,-0.050175322,1242.087325588387,-710.9,0.3529,2185.7,0.31691090267300526,close_trailing_long
17,13780,XRPUSDT,23.653166839932766,-0.050733419999999994,1265.68975900832,-725.8,0.3495,1459.9,0.31691090267300526,close_trailing_long
18,13789,XRPUSDT,23.51121638304532,-0.051579704000000004,1289.1493956873653,-739.6,0.3487,720.3,0.31691090267300526,close_trailing_long
19,13792,XRPUSDT,18.575886804634315,-0.049369362,1307.6759131299996,-720.3,0.3427,0.0,0.31691090267300526,close_trailing_long
20,14210,XRPUSDT,0.0,-0.52307046,1307.1528426699995,9751.5,0.2682,9751.5,0.2682,entry_initial_normal_long
21,14502,XRPUSDT,16.498299999999993,-0.05192432,1323.5992183499995,-906.5,0.2864,8845.0,0.2682,close_trailing_long
22,14506,XRPUSDT,20.197190000000006,-0.053061034,1343.7433473159995,-913.9,0.2903,7931.1,0.2682,close_trailing_long
23,14513,XRPUSDT,18.370439999999984,-0.05344128,1362.0603460359994,-927.8,0.288,7003.3,0.2682,close_trailing_long
24,14519,XRPUSDT,28.873350000000006,-0.05622309,1390.8774729459994,-940.5,0.2989,6062.8,0.2682,close_trailing_long
25,14522,XRPUSDT,27.27535999999998,-0.056970928,1418.0958620179995,-960.4,0.2966,5102.4,0.2682,close_trailing_long
26,14526,XRPUSDT,22.52160000000002,-0.05702860800000001,1440.5604334099994,-979.2,0.2912,4123.2,0.2682,close_trailing_long
27,14536,XRPUSDT,23.57439,-0.05807058600000001,1464.0767528239994,-994.7,0.2919,3128.5,0.2682,close_trailing_long
28,14540,XRPUSDT,16.073310000000024,-0.057439338,1480.0926234859994,-1010.9,0.2841,2117.6,0.2682,close_trailing_long
29,14549,XRPUSDT,14.716800000000024,-0.057763440000000006,1494.7516600459994,-1022.0,0.2826,1095.6,0.2682,close_trailing_long
30,14556,XRPUSDT,11.456309999999998,-0.057653105999999996,1506.1503169399994,-1032.1,0.2793,63.5,0.2682,close_trailing_long
31,14562,XRPUSDT,0.7556500000000014,-0.003557270000000001,1506.9024096699993,-63.5,0.2801,0.0,0.2682,close_trailing_long
32,16853,XRPUSDT,0.0,-0.60276256,1506.2996471099993,10181.8,0.296,10181.8,0.296,entry_initial_normal_long
33,16857,XRPUSDT,12.115200000000032,-0.05845584,1518.3563912699994,-946.5,0.3088,9235.3,0.296,close_trailing_long
34,16918,XRPUSDT,11.018839999999999,-0.058437848,1529.3167934219994,-949.9,0.3076,8285.4,0.296,close_trailing_long
35,16933,XRPUSDT,19.231680000000004,-0.060488896,1548.4879845259993,-956.8,0.3161,7328.6,0.296,close_trailing_long
36,16937,XRPUSDT,11.916240000000032,-0.059736208,1560.3444883179993,-968.8,0.3083,6359.8,0.296,close_trailing_long
37,16951,XRPUSDT,15.033480000000026,-0.06079773600000001,1575.3171705819993,-976.2,0.3114,5383.6,0.296,close_trailing_long
38,16966,XRPUSDT,15.375360000000002,-0.061422592,1590.6311079899992,-985.6,0.3116,4398.0,0.296,close_trailing_long
39,16976,XRPUSDT,16.022720000000003,-0.06212038400000001,1606.5917076059993,-995.2,0.3121,3402.8,0.296,close_trailing_long
40,16984,XRPUSDT,11.960690000000023,-0.06189405800000001,1618.4905035479994,-1005.1,0.3079,2397.7,0.296,close_trailing_long
41,17008,XRPUSDT,17.112940000000027,-0.06336850800000002,1635.5400750399995,-1012.6,0.3129,1385.1,0.296,close_trailing_long
42,17026,XRPUSDT,37.65744,-0.068110848,1673.1294041919994,-1023.3,0.3328,361.8,0.296,close_trailing_long
43,17029,XRPUSDT,15.376500000000014,-0.024493860000000006,1688.4814103319993,-361.8,0.3385,0.0,0.296,close_trailing_long
44,21527,XRPUSDT,0.0,-0.675391002,1687.8060193299993,14351.7,0.2353,14351.7,0.2353,entry_initial_normal_long
45,21534,XRPUSDT,19.07619999999997,-0.06659327999999999,1706.8156260499993,-1334.0,0.2496,13017.7,0.2353,close_trailing_long
46,21538,XRPUSDT,14.104649999999975,-0.066036628,1720.8542394219992,-1343.3,0.2458,11674.4,0.2353,close_trailing_long
47,21544,XRPUSDT,24.64825999999999,-0.06866301,1745.4338364119992,-1354.3,0.2535,10320.1,0.2353,close_trailing_long
48,21547,XRPUSDT,18.95705999999997,-0.068437734,1764.3224586779993,-1373.7,0.2491,8946.4,0.2353,close_trailing_long
49,21556,XRPUSDT,14.16371999999998,-0.06818026,1778.4179984179993,-1388.6,0.2455,7557.8,0.2353,close_trailing_long
50,21596,XRPUSDT,14.975719999999981,-0.06886031999999999,1793.3248580979994,-1399.6,0.246,6158.2,0.2353,close_trailing_long
51,21602,XRPUSDT,13.831720000000006,-0.069186828,1807.0873912699994,-1411.4,0.2451,4746.8,0.2353,close_trailing_long
52,21659,XRPUSDT,0.0,-0.512264844,1806.5751264259995,11547.9,0.2218,16294.7,0.22573267749636383,entry_initial_partial_long
53,21743,XRPUSDT,24.196627760437476,-0.08476675200000001,1830.686987434437,-1770.4,0.2394,14524.3,0.22573267749636383,close_trailing_long
54,21751,XRPUSDT,18.122704935960815,-0.071425608,1848.7382667623979,-1501.8,0.2378,13022.5,0.22573267749636383,close_trailing_long
55,21777,XRPUSDT,14.207418041264983,-0.071315234,1862.8743695696628,-1516.7,0.2351,11505.8,0.22573267749636383,close_trailing_long
56,22673,XRPUSDT,20.58210898230715,-0.073113872,1883.3833646799699,-1528.3,0.2392,9977.5,0.22573267749636383,close_trailing_long
57,22677,XRPUSDT,13.700900000368248,-0.072496092,1897.011768588338,-1545.1,0.2346,8432.4,0.22573267749636383,close_trailing_long
58,22711,XRPUSDT,26.406244012408965,-0.07554280199999999,1923.342469798747,-1556.3,0.2427,6876.1,0.22573267749636383,close_trailing_long
59,22715,XRPUSDT,19.51439817848752,-0.075139598,1942.7817283792347,-1577.9,0.2381,5298.2,0.22573267749636383,close_trailing_long
60,22727,XRPUSDT,14.13273860629533,-0.074781096,1956.83968588953,-1593.8,0.2346,3704.4,0.22573267749636383,close_trailing_long
61,22741,XRPUSDT,16.161072815087156,-0.07570594800000001,1972.9250527566173,-1605.3,0.2358,2099.1,0.22573267749636383,close_trailing_long
62,22745,XRPUSDT,25.357561472135146,-0.07814118,1998.2044730487526,-1618.5,0.2414,480.6,0.22573267749636383,close_trailing_long
63,22754,XRPUSDT,10.653615195247548,-0.023828148000000004,2008.8342600960002,-480.6,0.2479,0.0,0.22573267749636383,close_trailing_long
64,30004,DOGEUSDT,0.0,-0.8035335,2008.0307265960002,425150.0,0.00945,425150.0,0.00945,entry_initial_normal_long
65,30016,DOGEUSDT,36.75267000000001,-0.082041444,2044.7013551520004,-39519.0,0.01038,385631.0,0.00945,close_trailing_long
66,30021,DOGEUSDT,35.460180000000015,-0.082820556,2080.0787145960003,-40068.0,0.010335,345563.0,0.00945,close_trailing_long
67,30032,DOGEUSDT,49.646898000000014,-0.0869676696,2129.6386449264005,-40761.0,0.010668,304802.0,0.00945,close_trailing_long
68,30041,DOGEUSDT,52.331928,-0.0893398656,2181.8812330608007,-41732.0,0.010704,263070.0,0.00945,close_trailing_long
69,30046,DOGEUSDT,47.28813599999997,-0.0902664672,2229.0791025936005,-42756.0,0.010556,220314.0,0.00945,close_trailing_long
70,30066,DOGEUSDT,60.32346100000001,-0.09462178220000002,2289.3079418114007,-43681.0,0.010831,176633.0,0.00945,close_trailing_long
71,30071,DOGEUSDT,53.96778299999996,-0.0955808466,2343.1801439648007,-44861.0,0.010653,131772.0,0.00945,close_trailing_long
72,30074,DOGEUSDT,42.15180600000002,-0.09521349120000001,2385.2367364736006,-45917.0,0.010368,85855.0,0.00945,close_trailing_long
73,30106,DOGEUSDT,51.321618,-0.09860481360000001,2436.4597496600004,-46741.0,0.010548,39114.0,0.00945,close_trailing_long
74,30114,DOGEUSDT,36.37602000000001,-0.081200664,2472.754568996,-39114.0,0.01038,0.0,0.00945,close_trailing_long
75,30821,RSRUSDT,0.0,-0.9891037548000001,2471.7654652412,184273.0,0.026838,184273.0,0.026838,entry_initial_normal_long
76,30833,RSRUSDT,23.107020999999992,-0.0965630246,2494.7759232166004,-17129.0,0.028187,167144.0,0.026838,close_trailing_long
77,30852,RSRUSDT,27.921107999999972,-0.09798208800000001,2522.5990491286,-17214.0,0.02846,149930.0,0.026838,close_trailing_long
78,30891,RSRUSDT,48.19721400000001,-0.10306788840000002,2570.6931952402,-17406.0,0.029607,132524.0,0.026838,close_trailing_long
79,30896,RSRUSDT,63.80358599999999,-0.10797120600000001,2634.3888100342,-17738.0,0.030435,114786.0,0.026838,close_trailing_long
80,30899,RSRUSDT,58.83894900000001,-0.109334655,2693.1184243792,-18177.0,0.030075,96609.0,0.026838,close_trailing_long
81,30901,RSRUSDT,52.478392,-0.1102417892,2745.48657459,-18583.0,0.029662,78026.0,0.026838,close_trailing_long
82,30907,RSRUSDT,50.637311999999966,-0.1118112768,2796.0120753132,-18944.0,0.029511,59082.0,0.026838,close_trailing_long
83,30912,RSRUSDT,36.521648999999975,-0.1108614366,2832.4228628766,-19293.0,0.028731,39789.0,0.026838,close_trailing_long
84,30917,RSRUSDT,44.69712800000001,-0.11384380000000001,2877.0061470766,-19544.0,0.029125,20245.0,0.026838,close_trailing_long
85,30930,RSRUSDT,45.319833,-0.1156161942,2922.2103638824,-19851.0,0.029121,394.0,0.026838,close_trailing_long
86,30962,RSRUSDT,1.1615119999999997,-0.0023471368,2923.3695287456003,-394.0,0.029786,0.0,0.026838,close_trailing_long
87,40536,ZENUSDT,0.0,-1.1695257000000001,2922.2000030456,328.5,17.801,328.5,17.801,entry_initial_normal_long
88,40549,ZENUSDT,25.82640000000004,-0.11410740000000001,2947.9122956456004,-30.6,18.645,297.9,17.801,close_trailing_long
89,40560,ZENUSDT,38.34430000000007,-0.11696700000000002,2986.1396286456006,-30.7,19.05,267.2,17.801,close_trailing_long
90,40566,ZENUSDT,41.829500000000074,-0.11908812,3027.850040525601,-31.1,19.146,236.1,17.801,close_trailing_long
91,40580,ZENUSDT,45.07650000000003,-0.12116160000000001,3072.805378925601,-31.5,19.232,204.6,17.801,close_trailing_long
92,40586,ZENUSDT,25.05600000000004,-0.1189376,3097.742441325601,-32.0,18.584,172.6,17.801,close_trailing_long
93,40593,ZENUSDT,31.524800000000084,-0.12129941999999999,3129.145941905601,-32.3,18.777,140.3,17.801,close_trailing_long
94,40642,ZENUSDT,85.77060000000002,-0.13321664000000003,3214.783325265601,-32.6,20.432,107.7,17.801,close_trailing_long
95,40652,ZENUSDT,87.16700000000002,-0.1367001,3301.813625165601,-33.5,20.403,74.2,17.801,close_trailing_long
96,40654,ZENUSDT,70.82960000000003,-0.1366368,3372.506588365601,-34.4,19.86,39.8,17.801,close_trailing_long
97,40661,ZENUSDT,81.64260000000002,-0.14129154000000002,3454.007896825601,-35.1,20.127,4.7,17.801,close_trailing_long
98,40667,ZENUSDT,9.738400000000013,-0.018680620000000002,3463.727616205601,-4.7,19.873,0.0,17.801,close_trailing_long
99,55530,CTKUSDT,0.0,-1.3855789600000001,3462.3420372456007,6179.0,1.1212,6179.0,1.1212,entry_initial_normal_long
100,55573,CTKUSDT,0.0,-0.278315184,3462.063722061601,1554.0,0.89548,7733.0,1.07584,entry_initial_partial_long
101,76701,CTKUSDT,130.61700000000033,-0.433436424,3592.247285637601,-1893.0,1.14484,5840.0,1.07584,close_trailing_long
102,76707,CTKUSDT,32.96175000000001,-0.139781342,3625.0692542956012,-619.0,1.12909,5221.0,1.07584,close_trailing_long
103,76720,CTKUSDT,28.691520000000082,-0.140003136,3653.620771159601,-624.0,1.12182,4597.0,1.07584,close_trailing_long
104,76762,CTKUSDT,31.877720000000036,-0.141716216,3685.356774943601,-629.0,1.12652,3968.0,1.07584,close_trailing_long
105,76867,CTKUSDT,31.159450000000106,-0.14286357000000002,3716.3733613736013,-635.0,1.12491,3333.0,1.07584,close_trailing_long
106,76885,CTKUSDT,26.8544,-0.1430784,3743.084682973601,-640.0,1.1178,2693.0,1.07584,close_trailing_long
107,77055,CTKUSDT,36.90044999999999,-0.14616345,3779.838969523601,-645.0,1.13305,2048.0,1.07584,close_trailing_long
108,77081,CTKUSDT,32.849460000000114,-0.14664426000000003,3812.541785263601,-651.0,1.1263,1397.0,1.07584,close_trailing_long
109,77224,CTKUSDT,46.34478000000003,-0.150634332,3858.735930931601,-657.0,1.14638,740.0,1.07584,close_trailing_long
110,77280,CTKUSDT,46.60984999999999,-0.15240868999999999,3905.193372241601,-665.0,1.14593,75.0,1.07584,close_trailing_long
111,77335,CTKUSDT,5.010000000000014,-0.0171396,3910.1862326416012,-75.0,1.14264,0.0,1.07584,close_trailing_long
112,77871,FLMUSDT,0.0,-1.5640497599999998,3908.622182881601,24654.0,0.3172,24654.0,0.3172,entry_initial_normal_long
113,77891,FLMUSDT,38.04720000000001,-0.15301392,3946.516368961601,-2292.0,0.3338,22362.0,0.3172,close_trailing_long
114,77898,FLMUSDT,78.1056000000001,-0.16178688000000002,4024.460182081601,-2304.0,0.3511,20058.0,0.3172,close_trailing_long
115,77913,FLMUSDT,76.61000000000004,-0.164406,4100.905776081601,-2350.0,0.3498,17708.0,0.3172,close_trailing_long
116,77927,FLMUSDT,83.5855000000001,-0.16865590000000003,4184.322620181601,-2395.0,0.3521,15313.0,0.3172,close_trailing_long
117,77970,FLMUSDT,81.84050000000008,-0.17135202000000002,4265.991768161602,-2443.0,0.3507,12870.0,0.3172,close_trailing_long
118,78002,FLMUSDT,87.68320000000003,-0.17556568,4353.4994024816015,-2491.0,0.3524,10379.0,0.3172,close_trailing_long
119,78011,FLMUSDT,80.32720000000005,-0.17732992,4433.649272561602,-2542.0,0.3488,7837.0,0.3172,close_trailing_long
120,78057,FLMUSDT,95.2752,-0.1833012,4528.741171361602,-2589.0,0.354,5248.0,0.3172,close_trailing_long
121,78073,FLMUSDT,84.87240000000004,-0.18470984000000001,4613.428861521602,-2644.0,0.3493,2604.0,0.3172,close_trailing_long
122,78098,FLMUSDT,84.3696000000001,-0.18207168,4697.616389841602,-2604.0,0.3496,0.0,0.3172,close_trailing_long
123,83065,DOGEUSDT,0.0,-1.8790469410000001,4695.737342900602,146455.0,0.064151,146455.0,0.064151,entry_initial_normal_long
124,83091,DOGEUSDT,80.32260000000004,-0.19073486280000002,4775.869208037802,-13614.0,0.070051,132841.0,0.064151,close_trailing_long
125,83096,DOGEUSDT,92.607279,-0.1954114232,4868.281075614603,-13787.0,0.070868,119054.0,0.064151,close_trailing_long
126,83116,DOGEUSDT,98.69421900000002,-0.2000416444,4966.775252970203,-14053.0,0.071174,105001.0,0.064151,close_trailing_long
127,83126,DOGEUSDT,98.40169399999992,-0.2036397464,5064.973307223803,-14338.0,0.071014,90663.0,0.064151,close_trailing_long
128,83136,DOGEUSDT,66.77410700000003,-0.2009451756,5131.546469048203,-14621.0,0.068718,76042.0,0.064151,close_trailing_long
129,83169,DOGEUSDT,82.5232230000001,-0.20655839720000005,5213.863133651003,-14813.0,0.069722,61229.0,0.064151,close_trailing_long
130,83180,DOGEUSDT,73.84020599999991,-0.20787538139999998,5287.495464269603,-15051.0,0.069057,46178.0,0.064151,close_trailing_long
131,83188,DOGEUSDT,67.09614799999996,-0.2092465722,5354.382365697403,-15263.0,0.068547,30915.0,0.064151,close_trailing_long
132,83215,DOGEUSDT,76.00206900000008,-0.21351681520000004,5430.170917882203,-15457.0,0.069068,15458.0,0.064151,close_trailing_long
133,83254,DOGEUSDT,146.38726000000008,-0.2276066836,5576.330571198603,-15458.0,0.073621,0.0,0.064151,close_trailing_long
134,84281,CTKUSDT,0.0,-2.23046138,5574.100109818603,6713.0,1.6613,6713.0,1.6613,entry_initial_normal_long
135,84290,CTKUSDT,149.36064000000002,-0.23720236800000002,5723.223547450603,-624.0,1.90066,6089.0,1.6613,close_trailing_long
136,84300,CTKUSDT,211.22904000000003,-0.254227688,5934.198359762603,-638.0,1.99238,5451.0,1.6613,close_trailing_long
137,84307,CTKUSDT,199.99682000000007,-0.259955484,6133.9352242786035,-662.0,1.96341,4789.0,1.6613,close_trailing_long
138,84310,CTKUSDT,164.44044,-0.26015392800000003,6298.1155103506035,-684.0,1.90171,4105.0,1.6613,close_trailing_long
139,84316,CTKUSDT,179.83443000000005,-0.269545666,6477.680394684604,-703.0,1.91711,3402.0,1.6613,close_trailing_long
140,84320,CTKUSDT,199.69983000000005,-0.280163946,6677.100060738604,-723.0,1.93751,2679.0,1.6613,close_trailing_long
141,84327,CTKUSDT,212.28775000000002,-0.28999125,6889.097819488604,-745.0,1.94625,1934.0,1.6613,close_trailing_long
142,84330,CTKUSDT,204.97919999999993,-0.29617151999999997,7093.780847968604,-768.0,1.9282,1166.0,1.6613,close_trailing_long
143,84348,CTKUSDT,267.38963999999993,-0.316295588,7360.854192380603,-791.0,1.99934,375.0,1.6613,close_trailing_long
144,84351,CTKUSDT,129.97499999999994,-0.1505925,7490.6785998806035,-375.0,2.0079,0.0,1.6613,close_trailing_long
145,90861,AXSUSDT,0.0,-2.9963301120000003,7487.682269768604,8352.0,1.79378,8352.0,1.79378,entry_initial_normal_long
146,90939,AXSUSDT,65.86629,-0.29192667,7553.256633098604,-777.0,1.87855,7575.0,1.79378,close_trailing_long
147,91121,AXSUSDT,74.37300000000003,-0.29470428000000004,7627.334928818604,-780.0,1.88913,6795.0,1.79378,close_trailing_long
148,91188,AXSUSDT,198.38688,-0.322377104,7825.399431714603,-788.0,2.04554,6007.0,1.79378,close_trailing_long
149,91191,AXSUSDT,185.27440000000024,-0.32692972800000003,8010.346901986603,-808.0,2.02308,5199.0,1.79378,close_trailing_long
150,91199,AXSUSDT,178.8139399999999,-0.33245399999999997,8188.828387986603,-827.0,2.01,4372.0,1.79378,close_trailing_long
151,91204,AXSUSDT,198.7677,-0.34326111600000003,8387.252826870603,-846.0,2.02873,3526.0,1.79378,close_trailing_long
152,91208,AXSUSDT,191.61982000000006,-0.34900666,8578.523640210602,-866.0,2.01505,2660.0,1.79378,close_trailing_long
153,91251,AXSUSDT,311.23408,-0.380104632,8889.377615578602,-886.0,2.14506,1774.0,1.79378,close_trailing_long
154,91258,AXSUSDT,312.7350600000002,-0.39188502000000003,9201.720790558602,-918.0,2.13445,856.0,1.79378,close_trailing_long
155,91266,AXSUSDT,266.31016000000017,-0.36035716800000006,9467.670593390601,-856.0,2.10489,0.0,1.79378,close_trailing_long
156,101655,CTKUSDT,0.0,-3.78711377,9463.883479620601,12239.0,1.54715,12239.0,1.54715,entry_initial_normal_long
157,101681,CTKUSDT,192.3788999999999,-0.39060712000000003,9655.8717725006,-1138.0,1.7162,11101.0,1.54715,close_trailing_long
158,101691,CTKUSDT,283.23155999999994,-0.41434739200000004,9938.688985108602,-1156.0,1.79216,9945.0,1.54715,close_trailing_long
159,101693,CTKUSDT,304.0211999999999,-0.42902594,10242.281159168602,-1190.0,1.80263,8755.0,1.54715,close_trailing_long
160,101697,CTKUSDT,295.14723999999995,-0.43839062800000006,10536.990008540603,-1226.0,1.78789,7529.0,1.54715,close_trailing_long
161,101701,CTKUSDT,354.25602000000003,-0.46135186400000006,10890.784676676603,-1262.0,1.82786,6267.0,1.54715,close_trailing_long
162,101709,CTKUSDT,243.3394399999999,-0.45216460799999997,11133.671952068604,-1304.0,1.73376,4963.0,1.54715,close_trailing_long
163,101712,CTKUSDT,314.28141000000005,-0.47532647200000006,11447.478035596603,-1333.0,1.78292,3630.0,1.54715,close_trailing_long
164,101716,CTKUSDT,260.33918999999986,-0.476296368,11707.340929228603,-1371.0,1.73704,2259.0,1.54715,close_trailing_long
165,101722,CTKUSDT,257.42122000000006,-0.48530510400000004,11964.276844124603,-1402.0,1.73076,857.0,1.54715,close_trailing_long
166,101727,CTKUSDT,165.51241000000002,-0.298283992,12129.490970132603,-857.0,1.74028,0.0,1.54715,close_trailing_long
167,102769,SXPUSDT,0.0,-4.851804256,12124.639165876602,11840.6,2.0488,11840.6,2.0488,entry_initial_normal_long
168,102852,SXPUSDT,87.94592999999985,-0.468612018,12212.116483858603,-1100.7,2.1287,10739.9,2.0488,close_trailing_long
169,103015,SXPUSDT,88.19361999999984,-0.46993181199999995,12299.840172046603,-1103.8,2.1287,9636.1,2.0488,close_trailing_long
170,103019,SXPUSDT,111.18000000000009,-0.477807168,12410.542364878604,-1111.8,2.1488,8524.3,2.0488,close_trailing_long
171,103025,SXPUSDT,150.6577400000001,-0.48980031600000007,12560.710304562605,-1121.8,2.1831,7402.5,2.0488,close_trailing_long
172,103044,SXPUSDT,214.45816999999982,-0.508092162,12774.660382400605,-1135.3,2.2377,6267.2,2.0488,close_trailing_long
173,103047,SXPUSDT,151.9585200000002,-0.503541576,12926.115360824606,-1154.7,2.1804,5112.5,2.0488,close_trailing_long
174,103051,SXPUSDT,178.53152000000006,-0.5144698880000002,13104.132410936605,-1168.4,2.2016,3944.1,2.0488,close_trailing_long
175,103058,SXPUSDT,214.98675000000026,-0.5283580700000001,13318.590802866605,-1184.5,2.2303,2759.6,2.0488,close_trailing_long
176,103061,SXPUSDT,162.15186000000006,-0.52569946,13480.216963406605,-1203.8,2.1835,1555.8,2.0488,close_trailing_long
177,103104,SXPUSDT,236.12591999999998,-0.546476768,13715.796406638605,-1218.4,2.2426,337.4,2.0488,close_trailing_long
178,103111,SXPUSDT,65.99544000000007,-0.15145211200000003,13781.640394526605,-337.4,2.2444,0.0,2.0488,close_trailing_long
179,106262,FTMUSDT,0.0,-5.512597440000001,13776.127797086605,44342.0,0.6216,44342.0,0.6216,entry_initial_normal_long
180,106277,FTMUSDT,167.6499839999997,-0.5459770368,13943.231804049805,-4122.0,0.662272,40220.0,0.6216,close_trailing_long
181,106286,FTMUSDT,222.0603779999999,-0.5608373556,14164.731344694204,-4154.0,0.675057,36066.0,0.6216,close_trailing_long
182,106295,FTMUSDT,257.2089999999998,-0.5760722,14421.364272494204,-4220.0,0.68255,31846.0,0.6216,close_trailing_long
183,106308,FTMUSDT,308.58475799999974,-0.5959199916,14729.353110502603,-4297.0,0.693414,27549.0,0.6216,close_trailing_long
184,106316,FTMUSDT,332.16721199999984,-0.6119496024000001,15060.908372900203,-4388.0,0.697299,23161.0,0.6216,close_trailing_long
185,106321,FTMUSDT,285.81741299999976,-0.6149873226,15346.110798577603,-4487.0,0.685299,18674.0,0.6216,close_trailing_long
186,106327,FTMUSDT,228.24795599999973,-0.6140406312000001,15573.744713946404,-4572.0,0.671523,14102.0,0.6216,close_trailing_long
187,106349,FTMUSDT,254.49935999999965,-0.6277446720000001,15827.616329274404,-4640.0,0.676449,9462.0,0.6216,close_trailing_long
188,106353,FTMUSDT,252.1220759999999,-0.6367175352000001,16079.101687739203,-4716.0,0.675061,4746.0,0.6216,close_trailing_long
189,106376,FTMUSDT,266.21737799999977,-0.6432661956,16344.675799543602,-4746.0,0.677693,0.0,0.6216,close_trailing_long
190,129357,CHZUSDT,0.0,-6.537810070000001,16338.137989473602,53593.0,0.60995,53593.0,0.60995,entry_initial_normal_long
191,129366,CHZUSDT,179.70074000000022,-0.643694328,16517.195035145603,-4982.0,0.64602,48611.0,0.60995,close_trailing_long
192,129370,CHZUSDT,128.53445000000022,-0.63748674,16645.091998405605,-5015.0,0.63558,43596.0,0.60995,close_trailing_long
193,129376,CHZUSDT,120.23465999999989,-0.640584392,16764.686074013604,-5054.0,0.63374,38542.0,0.60995,close_trailing_long
194,129386,CHZUSDT,300.8190000000002,-0.6810929,17064.823981113605,-5090.0,0.66905,33452.0,0.60995,close_trailing_long
195,129393,CHZUSDT,381.5288400000002,-0.708335958,17445.644485155604,-5181.0,0.68359,28271.0,0.60995,close_trailing_long
196,129397,CHZUSDT,301.98197000000005,-0.706577424,17746.919877731605,-5297.0,0.66696,22974.0,0.60995,close_trailing_long
197,129407,CHZUSDT,357.06276000000025,-0.7286946720000002,18103.253943059604,-5388.0,0.67622,17586.0,0.60995,close_trailing_long
198,129417,CHZUSDT,476.20510999999993,-0.765820052,18578.693233007605,-5497.0,0.69658,12089.0,0.60995,close_trailing_long
199,129423,CHZUSDT,496.69004999999976,-0.7874836,19074.595799407605,-5641.0,0.698,6448.0,0.60995,close_trailing_long
200,129433,CHZUSDT,418.22602000000035,-0.790089294,19492.031730113606,-5791.0,0.68217,657.0,0.60995,close_trailing_long
201,129438,CHZUSDT,42.882390000000036,-0.088723908,19534.825396205604,-657.0,0.67522,0.0,0.60995,close_trailing_long
202,136320,ADAUSDT,0.0,-7.813815360000001,19527.011580845603,32953.0,1.1856,32953.0,1.1856,entry_initial_normal_long
203,136322,ADAUSDT,505.3337399999997,-0.8273653080000001,20031.5179555376,-3063.0,1.35058,29890.0,1.1856,close_trailing_long
204,136325,ADAUSDT,524.2013699999999,-0.846788754,20554.8725367836,-3129.0,1.35313,26761.0,1.1856,close_trailing_long
205,136331,ADAUSDT,516.5535700000003,-0.8647030340000001,21070.5614037496,-3211.0,1.34647,23550.0,1.1856,close_trailing_long
206,136337,ADAUSDT,642.0387600000001,-0.909006792,21711.6911569576,-3292.0,1.38063,20258.0,1.1856,close_trailing_long
207,136344,ADAUSDT,547.3670400000001,-0.913784448,22258.144412509602,-3392.0,1.34697,16866.0,1.1856,close_trailing_long
208,136349,ADAUSDT,496.8285299999999,-0.923831946,22754.049110563603,-3477.0,1.32849,13389.0,1.1856,close_trailing_long
209,136377,ADAUSDT,590.1417000000001,-0.9607528200000001,23343.230057743604,-3554.0,1.35165,9835.0,1.1856,close_trailing_long
210,136396,ADAUSDT,636.8103600000002,-0.991901592,23979.048516151604,-3646.0,1.36026,6189.0,1.1856,close_trailing_long
211,136407,ADAUSDT,590.1823000000003,-1.0062879800000002,24568.224528171606,-3746.0,1.34315,2443.0,1.1856,close_trailing_long
212,136425,ADAUSDT,316.90596000000016,-0.642665352,24884.487822819607,-2443.0,1.31532,0.0,1.1856,close_trailing_long
213,145348,FTMUSDT,0.0,-9.953805998400002,24874.534016821206,158021.0,0.314952,158021.0,0.314952,entry_initial_normal_long
214,145373,FTMUSDT,211.43346600000027,-0.9675526788000002,25084.999930142407,-14689.0,0.329346,143332.0,0.314952,close_trailing_long
215,145381,FTMUSDT,261.4555229999999,-0.9813365142000001,25345.474116628207,-14749.0,0.332679,128583.0,0.314952,close_trailing_long
216,145440,FTMUSDT,325.95841600000006,-1.0039376144,25670.428595013807,-14903.0,0.336824,113680.0,0.314952,close_trailing_long
217,145475,FTMUSDT,334.6188859999999,-1.0177008748,26004.029780139008,-15094.0,0.337121,98586.0,0.314952,close_trailing_long
218,145525,FTMUSDT,370.49199000000004,-1.0372216140000001,26373.484548525008,-15290.0,0.339183,83296.0,0.314952,close_trailing_long
219,145535,FTMUSDT,270.78323399999965,-1.0309487796,26643.236833745406,-15507.0,0.332414,67789.0,0.314952,close_trailing_long
220,145551,FTMUSDT,237.0892439999997,-1.0342254552,26879.291852290207,-15666.0,0.330086,52123.0,0.314952,close_trailing_long
221,145887,FTMUSDT,348.4149840000002,-1.0651832784000002,27226.641653011808,-15804.0,0.336998,36319.0,0.314952,close_trailing_long
222,145911,FTMUSDT,267.9586419999996,-1.062005042,27493.53828996981,-16009.0,0.33169,20310.0,0.314952,close_trailing_long
223,146007,FTMUSDT,483.7190520000001,-1.1150466168000002,27976.14229535301,-16166.0,0.344874,4144.0,0.314952,close_trailing_long
224,146049,FTMUSDT,113.18921600000002,-0.2836700608,28089.04784129221,-4144.0,0.342266,0.0,0.314952,close_trailing_long
225,156579,FILUSDT,0.0,-11.23664778,28077.81119351221,302.7,185.607,302.7,185.607,entry_initial_normal_long
226,156585,FILUSDT,370.01220000000023,-1.1208259200000001,28446.702567592212,-28.2,198.728,274.5,185.607,close_trailing_long
227,156588,FILUSDT,376.10119999999984,-1.129468,28821.67429959221,-28.4,198.85,246.1,185.607,close_trailing_long
228,156591,FILUSDT,208.42559999999986,-1.11078144,29028.98911815221,-28.8,192.844,217.3,185.607,close_trailing_long
229,156592,FILUSDT,0.0,-3.5821712000000003,29025.40694695221,97.0,184.648,314.3,185.3110311804009,entry_initial_partial_long
230,156614,FILUSDT,223.52166146993267,-1.16027674,29247.768331682142,-30.1,192.737,284.2,185.3110311804009,close_trailing_long
231,156670,FILUSDT,472.1685864142532,-1.18035636,29718.756561736394,-29.3,201.426,254.9,185.3110311804009,close_trailing_long
232,156678,FILUSDT,419.06607394209294,-1.18456074,30136.638074938488,-29.7,199.421,225.2,185.3110311804009,close_trailing_long
233,156702,FILUSDT,397.73305835189257,-1.19882524,30533.17230805038,-30.2,198.481,195.0,185.3110311804009,close_trailing_long
234,156727,FILUSDT,221.11464587973256,-1.17832644,30753.108627490114,-30.6,192.537,164.4,185.3110311804009,close_trailing_long
235,156743,FILUSDT,234.97223964365213,-1.1885104,30986.892356733766,-30.8,192.94,133.6,185.3110311804009,close_trailing_long
236,156856,FILUSDT,381.95003340757216,-1.2253184000000001,31367.617071741337,-31.0,197.632,102.6,185.3110311804009,close_trailing_long
237,156867,FILUSDT,246.42622093541138,-1.21303852,31612.83025415675,-31.4,193.159,71.2,185.3110311804009,close_trailing_long
238,156891,FILUSDT,228.34061469933167,-1.21683384,31839.954035016082,-31.6,192.537,39.6,185.3110311804009,close_trailing_long
239,157063,FILUSDT,254.27390534521152,-1.2331391600000001,32092.994801201294,-31.9,193.282,7.7,185.3110311804009,close_trailing_long
240,157362,FILUSDT,122.07555991091299,-0.3097941,32214.760567012207,-7.7,201.165,0.0,185.3110311804009,close_trailing_long
241,178837,DOGEUSDT,0.0,-12.885919488,32201.874647524208,227763.0,0.28288,227763.0,0.28288,entry_initial_normal_long
242,178875,DOGEUSDT,320.6499399999992,-1.26195706,32521.262630464207,-21172.0,0.298025,206591.0,0.28288,close_trailing_long
243,178880,DOGEUSDT,325.28990999999974,-1.2695610220000002,32845.28297944221,-21290.0,0.298159,185301.0,0.28288,close_trailing_long
244,178889,DOGEUSDT,518.4132199999992,-1.3201797960000001,33362.3760196462,-21502.0,0.30699,163799.0,0.28288,close_trailing_long
245,178892,DOGEUSDT,416.57615999999956,-1.3189350720000002,33777.6332445742,-21840.0,0.301954,141959.0,0.28288,close_trailing_long
246,178905,DOGEUSDT,693.653439999999,-1.3897392,34469.8969453742,-22112.0,0.31425,119847.0,0.28288,close_trailing_long
247,178912,DOGEUSDT,872.2726399999992,-1.451091968,35340.7184934062,-22565.0,0.321536,97282.0,0.28288,close_trailing_long
248,178915,DOGEUSDT,843.2707499999996,-1.4775399100000002,36182.5117034962,-23135.0,0.31933,74147.0,0.28288,close_trailing_long
249,178918,DOGEUSDT,822.8753259999992,-1.5046342012,37003.882395295004,-23686.0,0.317621,50461.0,0.28288,close_trailing_long
250,178921,DOGEUSDT,652.5703359999998,-1.5010110912,37654.951720203804,-24224.0,0.309819,26237.0,0.28288,close_trailing_long
251,178925,DOGEUSDT,783.3769999999994,-1.5512738,38436.7774464038,-24650.0,0.31466,1587.0,0.28288,close_trailing_long
252,178930,DOGEUSDT,43.14418199999998,-0.09841494840000001,38479.8232134554,-1587.0,0.310066,0.0,0.28288,close_trailing_long
253,179355,DOGEUSDT,0.0,-15.39194684,38464.4312666154,313099.0,0.2458,313099.0,0.2458,entry_initial_normal_long
254,179395,DOGEUSDT,589.9962879999996,-1.5487518976,39052.8788027178,-29104.0,0.266072,283995.0,0.2458,close_trailing_long
255,179400,DOGEUSDT,578.7307399999997,-1.5621316680000001,39630.0474110498,-29422.0,0.26547,254573.0,0.2458,close_trailing_long
256,179411,DOGEUSDT,695.6979569999996,-1.6069097114,40324.138458338406,-29857.0,0.269101,224716.0,0.2458,close_trailing_long
257,179416,DOGEUSDT,708.1578000000007,-1.6351123600000002,41030.6611459784,-30380.0,0.26911,194336.0,0.2458,close_trailing_long
258,179426,DOGEUSDT,867.2361600000007,-1.693081152,41896.204224826404,-30912.0,0.273855,163424.0,0.2458,close_trailing_long
259,179436,DOGEUSDT,1065.3165640000002,-1.7647495528000001,42959.756039273605,-31564.0,0.279551,131860.0,0.2458,close_trailing_long
260,179440,DOGEUSDT,902.9835000000003,-1.7716600999999998,43860.96787917361,-32365.0,0.2737,99495.0,0.2458,close_trailing_long
261,179445,DOGEUSDT,1018.878696,-1.8282187792000002,44878.01835639441,-33044.0,0.276634,66451.0,0.2458,close_trailing_long
262,179448,DOGEUSDT,761.1307200000001,-1.8143257440000002,45637.33475065041,-33810.0,0.268312,32641.0,0.2458,close_trailing_long
263,179451,DOGEUSDT,646.944620000001,-1.7340204840000002,46282.54535016641,-32641.0,0.26562,0.0,0.2458,close_trailing_long
264,180199,ALICEUSDT,0.0,-18.51301518,46264.03233498641,9423.3,9.823,9423.3,9.823,entry_initial_normal_long
265,180201,ALICEUSDT,336.3840000000003,-1.7882664000000001,46598.62806858641,-876.0,10.207,8547.3,9.823,close_trailing_long
266,180206,ALICEUSDT,0.0,-3.84059148,46594.78747710641,2218.2,8.657,10765.5,9.582749087362407,entry_initial_partial_long
267,180218,ALICEUSDT,0.0,-3.9323042000000004,46590.855172906406,2878.7,6.83,13644.2,9.001964666305096,entry_initial_partial_long
268,180255,ALICEUSDT,1760.2298176705178,-8.00623648,48343.078754096925,-4251.4,9.416,9392.8,9.001964666305096,close_trailing_long
269,180258,ALICEUSDT,605.6856393595831,-1.9116279000000003,48946.852765556505,-994.5,9.611,8398.3,9.001964666305096,close_trailing_long
270,180261,ALICEUSDT,353.457477497399,-1.88350714,49298.426735913905,-1006.9,9.353,7391.4,9.001964666305096,close_trailing_long
271,180267,ALICEUSDT,642.0244354333719,-1.9543634000000003,49938.496807947275,-1014.2,9.635,6377.2,9.001964666305096,close_trailing_long
272,180270,ALICEUSDT,371.91889830477606,-1.9239274400000004,50308.49177881205,-1027.3,9.364,5349.9,9.001964666305096,close_trailing_long
273,180276,ALICEUSDT,474.02076684085745,-1.9580308000000006,50780.554514852905,-1034.9,9.46,4315.0,9.001964666305096,close_trailing_long
274,180280,ALICEUSDT,368.8160131110671,-1.9546337000000005,51147.41589426397,-1044.7,9.355,3270.3,9.001964666305096,close_trailing_long
275,180280,ALICEUSDT,0.0,-12.459624660000001,51134.95626960397,6846.7,9.099,10117.0,9.067633522607252,entry_initial_partial_long
276,180393,ALICEUSDT,489.11511234124583,-1.99168896,51622.079692985215,-1044.3,9.536,9072.7,9.067633522607252,close_trailing_long
277,180438,ALICEUSDT,578.1427771151734,-2.02762976,52198.19484034039,-1054.3,9.616,8018.4,9.067633522607252,close_trailing_long
278,180483,ALICEUSDT,697.5546649006684,-2.0727304,52893.67677484106,-1066.0,9.722,6952.4,9.067633522607252,close_trailing_long
279,180516,ALICEUSDT,607.4682688796468,-2.0804652000000003,53499.0645785207,-1080.2,9.63,5872.2,9.067633522607252,close_trailing_long
280,180530,ALICEUSDT,387.1808131993166,-2.05889544,53884.18649628002,-1092.6,9.422,4779.6,9.067633522607252,close_trailing_long
281,180893,ALICEUSDT,441.7038083707181,-2.0841269000000002,54323.80617775073,-1100.5,9.469,3679.1,9.067633522607252,close_trailing_long
282,181006,ALICEUSDT,561.762970019514,-2.12427912,54883.444868650244,-1109.4,9.574,2569.7,9.067633522607252,close_trailing_long
283,181295,ALICEUSDT,733.4793845095303,-2.1794779600000003,55614.744775199775,-1120.9,9.722,1448.8,9.067633522607252,close_trailing_long
284,181306,ALICEUSDT,569.4520450226836,-2.17369404,56182.02312618246,-1135.8,9.569,313.0,9.067633522607252,close_trailing_long
285,181387,ALICEUSDT,220.15370742393026,-0.6116646000000001,56401.56516900639,-313.0,9.771,0.0,9.067633522607252,close_trailing_long
286,183863,DOGEUSDT,0.0,-22.560596970000002,56379.00457203639,357141.0,0.31585,357141.0,0.31585,entry_initial_normal_long
287,183875,DOGEUSDT,523.7158719999985,-2.2017976644,56900.51864637199,-33197.0,0.331626,323944.0,0.31585,close_trailing_long
288,183881,DOGEUSDT,515.8277819999992,-2.2105799264000003,57414.135848445585,-33361.0,0.331312,290583.0,0.31585,close_trailing_long
289,183887,DOGEUSDT,590.5324659999992,-2.2445350332,58002.423779412384,-33662.0,0.333393,256921.0,0.31585,close_trailing_long
290,183901,DOGEUSDT,785.6977279999986,-2.3053617356,58785.816145676785,-34007.0,0.338954,222914.0,0.31585,close_trailing_long
291,183909,DOGEUSDT,1362.165252,-2.4496502704000003,60145.531747406385,-34466.0,0.355372,188448.0,0.31585,close_trailing_long
292,183916,DOGEUSDT,1368.6275559999985,-2.5012892212,61511.65801418518,-35263.0,0.354662,153185.0,0.31585,close_trailing_long
293,183919,DOGEUSDT,1371.4057279999993,-2.5524440256,62880.51129815958,-36064.0,0.353877,117121.0,0.31585,close_trailing_long
294,183939,DOGEUSDT,1412.5591049999996,-2.6114002110000003,64290.459002948584,-36867.0,0.354165,80254.0,0.31585,close_trailing_long
295,183951,DOGEUSDT,1415.560615,-2.6641789330000005,65703.35543901559,-37693.0,0.353405,42561.0,0.31585,close_trailing_long
296,183954,DOGEUSDT,1288.9461199999996,-2.691223964,66989.61033505159,-38522.0,0.34931,4039.0,0.31585,close_trailing_long
297,183961,DOGEUSDT,127.58393200000002,-0.28066041640000006,67116.9136066352,-4039.0,0.347438,0.0,0.31585,close_trailing_long
298,184152,DOGEUSDT,0.0,-26.846756720000002,67090.0668499152,465185.0,0.28856,465185.0,0.28856,entry_initial_normal_long
299,184178,DOGEUSDT,669.398440000001,-2.6293465680000003,67756.83594334719,-43240.0,0.304041,421945.0,0.28856,close_trailing_long
300,184181,DOGEUSDT,724.2361920000002,-2.6542804224000003,68478.41785492479,-43482.0,0.305216,378463.0,0.28856,close_trailing_long
301,184192,DOGEUSDT,958.1328350000007,-2.727780407,69433.8229095178,-43945.0,0.310363,334518.0,0.28856,close_trailing_long
302,184201,DOGEUSDT,1099.6715610000003,-2.7915233202,70530.7029471976,-44559.0,0.313239,289959.0,0.28856,close_trailing_long
303,184205,DOGEUSDT,870.1166880000009,-2.7861838816,71398.033451316,-45262.0,0.307784,244697.0,0.28856,close_trailing_long
304,184209,DOGEUSDT,858.1898700000011,-2.8159441020000004,72253.40737721401,-45819.0,0.30729,198878.0,0.28856,close_trailing_long
305,184225,DOGEUSDT,1972.7729280000012,-3.0705446016000004,74223.10976061241,-46368.0,0.331106,152510.0,0.28856,close_trailing_long
306,184229,DOGEUSDT,2246.325120000002,-3.198203008,76466.23667760441,-47632.0,0.33572,104878.0,0.28856,close_trailing_long
307,184236,DOGEUSDT,2623.4872640000003,-3.3567407168,79086.3672008876,-49072.0,0.342022,55806.0,0.28856,close_trailing_long
308,184242,DOGEUSDT,2411.27503,-3.411312142,81494.2309187456,-50753.0,0.33607,5053.0,0.28856,close_trailing_long
309,184249,DOGEUSDT,215.18705800000006,-0.3346561476,81709.083320598,-5053.0,0.331146,0.0,0.28856,close_trailing_long
310,187029,VETUSDT,0.0,-32.6836279692,81676.3996926288,908151.0,0.179946,908151.0,0.179946,entry_initial_normal_long
311,187037,VETUSDT,903.1560850000012,-3.2186595350000005,82576.3371180938,-84415.0,0.190645,823736.0,0.179946,close_trailing_long
312,187043,VETUSDT,1541.7558539999993,-3.3666414083999996,84114.7263306854,-84978.0,0.198089,738758.0,0.179946,close_trailing_long
313,187047,VETUSDT,1482.270564,-3.4117152540000006,85593.5851794314,-86561.0,0.19707,652197.0,0.179946,close_trailing_long
314,187051,VETUSDT,1411.6181580000011,-3.4523603352,87001.75097709619,-88083.0,0.195972,564114.0,0.179946,close_trailing_long
315,187055,VETUSDT,1348.7995799999997,-3.4919449704,88347.0586121258,-89532.0,0.195011,474582.0,0.179946,close_trailing_long
316,187066,VETUSDT,1441.670869000001,-3.5603642702,89785.1691168556,-90917.0,0.195803,383665.0,0.179946,close_trailing_long
317,187071,VETUSDT,1182.8663940000008,-3.5618673912,90964.4736434644,-92397.0,0.192748,291268.0,0.179946,close_trailing_long
318,187082,VETUSDT,1298.6515299999996,-3.628679318,92259.4964941464,-93610.0,0.193819,197658.0,0.179946,close_trailing_long
319,187108,VETUSDT,1753.312381000001,-3.7675850918000005,94009.04129005459,-94943.0,0.198413,102715.0,0.179946,close_trailing_long
320,187112,VETUSDT,1533.9570080000008,-3.7884945772000003,95539.2098034774,-96743.0,0.195802,5972.0,0.179946,close_trailing_long
321,187120,VETUSDT,92.5898880000001,-0.23344548,95631.5662459974,-5972.0,0.19545,0.0,0.179946,close_trailing_long
322,187308,DOGEUSDT,0.0,-38.252619288,95593.3136267094,858876.0,0.22269,858876.0,0.22269,entry_initial_normal_long
323,187345,DOGEUSDT,0.0,-8.779602040000002,95584.5340246694,255980.0,0.17149,1114856.0,0.21093406380734375,entry_initial_partial_long
324,187422,DOGEUSDT,2405.856010138556,-12.819632704,97977.57040210396,-292472.0,0.21916,822384.0,0.21093406380734375,close_trailing_long
325,187518,DOGEUSDT,0.0,-7.903914322,97969.66648778196,207755.0,0.190222,1030139.0,0.20675692381332866,entry_initial_partial_long
326,187702,DOGEUSDT,3002.5993723523925,-7.638732318,100964.62712781635,-170205.0,0.224398,859934.0,0.20675692381332866,close_trailing_long
327,187715,DOGEUSDT,2350.2306094083165,-4.2093691432,103310.64836808147,-90428.0,0.232747,769506.0,0.20675692381332866,close_trailing_long
328,187722,DOGEUSDT,2039.346209476512,-4.2340715226,105345.76050603538,-92529.0,0.228797,676977.0,0.20675692381332866,close_trailing_long
329,187726,DOGEUSDT,1648.2422763648146,-4.2312343104000005,106989.77154808979,-94352.0,0.224226,582625.0,0.20675692381332866,close_trailing_long
330,187737,DOGEUSDT,2471.212436511594,-4.4566975808,109456.52728702058,-95824.0,0.232546,486801.0,0.20675692381332866,close_trailing_long
331,187741,DOGEUSDT,2795.446978884139,-4.6129310496,112247.36133485512,-98034.0,0.235272,388767.0,0.20675692381332866,close_trailing_long
332,187754,DOGEUSDT,3727.8718322746295,-4.9027531308,115970.33041399895,-100533.0,0.243838,288234.0,0.20675692381332866,close_trailing_long
333,187757,DOGEUSDT,3025.9943573571773,-4.900284504,118991.42448685212,-103868.0,0.23589,184366.0,0.20675692381332866,close_trailing_long
334,187761,DOGEUSDT,2852.8607564421254,-4.977513279600001,121839.30773001464,-106573.0,0.233526,77793.0,0.20675692381332866,close_trailing_long
335,187775,DOGEUSDT,2017.567381789724,-3.620361751200001,123853.25475005317,-77793.0,0.232692,0.0,0.20675692381332866,close_trailing_long
336,205442,DOGEUSDT,0.0,-49.541286559999996,123803.71346349317,462320.0,0.53579,462320.0,0.53579,entry_initial_normal_long
337,205457,DOGEUSDT,1215.8204079999994,-4.8481719736,125014.68569951957,-42974.0,0.564082,419346.0,0.53579,close_trailing_long
338,205473,DOGEUSDT,2801.9523840000006,-5.190473340800001,127811.44761017877,-43208.0,0.600638,376138.0,0.53579,close_trailing_long
339,205482,DOGEUSDT,2956.3891240000016,-5.324875316800001,130762.51185886198,-44174.0,0.602716,331964.0,0.53579,close_trailing_long
340,205491,DOGEUSDT,2811.5187399999995,-5.4052024,133568.62539646198,-45194.0,0.598,286770.0,0.53579,close_trailing_long
341,205496,DOGEUSDT,2565.8412839999996,-5.460010168799999,136129.0066702932,-46164.0,0.591371,240606.0,0.53579,close_trailing_long
342,205502,DOGEUSDT,2410.2732209999986,-5.5237313862,138533.756159907,-47049.0,0.587019,193557.0,0.53579,close_trailing_long
343,205515,DOGEUSDT,2880.5565600000023,-5.706836352000001,141408.605883555,-47880.0,0.595952,145677.0,0.53579,close_trailing_long
344,205562,DOGEUSDT,4558.917846,-6.1490236612,145961.3747058938,-48874.0,0.629069,96803.0,0.53579,close_trailing_long
345,205596,DOGEUSDT,4445.692322000002,-6.2949380904000005,150400.77208980342,-50447.0,0.623916,46356.0,0.53579,close_trailing_long
346,205601,DOGEUSDT,3646.733807999998,-5.6967630096,154041.80913479382,-46356.0,0.614458,0.0,0.53579,close_trailing_long
347,210471,DOGEUSDT,0.0,-61.616777866,153980.19235692782,566237.0,0.54409,566237.0,0.54409,entry_initial_normal_long
348,210481,DOGEUSDT,1116.8934800000009,-5.950905308,155091.1349316198,-52634.0,0.56531,513603.0,0.54409,close_trailing_long
349,210498,DOGEUSDT,0.0,-13.340189100000002,155077.7947425198,140700.0,0.474065,654303.0,0.5290319649611877,entry_initial_partial_long
350,210527,DOGEUSDT,2523.138733807376,-13.446442512,157587.48703381518,-122316.0,0.54966,531987.0,0.5290319649611877,close_trailing_long
351,210531,DOGEUSDT,1454.4871807759282,-6.12728388,159035.84693071112,-55161.0,0.5554,476826.0,0.5290319649611877,close_trailing_long
352,210536,DOGEUSDT,1435.512666540603,-6.1771328184000005,160465.18246443334,-55668.0,0.554819,421158.0,0.5290319649611877,close_trailing_long
353,210540,DOGEUSDT,0.0,-20.227233792,160444.95523064135,193792.0,0.52188,614950.0,0.5267781336029334,entry_initial_partial_long
354,210580,DOGEUSDT,2024.9068624319589,-6.9576799320000005,162462.9044131413,-62196.0,0.559335,552754.0,0.5267781336029334,close_trailing_long
355,210596,DOGEUSDT,1866.0371838028705,-6.3901726344,164322.5514243098,-57111.0,0.559452,495643.0,0.5267781336029334,close_trailing_long
356,210610,DOGEUSDT,2056.715107426553,-6.497210799,166372.76932093734,-57765.0,0.562383,437878.0,0.5267781336029334,close_trailing_long
357,210619,DOGEUSDT,1484.249894098839,-6.4586791632,167850.56053587297,-58486.0,0.552156,379392.0,0.5267781336029334,close_trailing_long
358,210634,DOGEUSDT,1350.2625367589167,-6.486561262,169194.33651136988,-59005.0,0.549662,320387.0,0.5267781336029334,close_trailing_long
359,210845,DOGEUSDT,0.0,-37.909283656,169156.4272277139,408004.0,0.46457,728391.0,0.49193260785847576,entry_initial_partial_long
360,211274,DOGEUSDT,3915.4826980073426,-11.049238133,173060.86068758823,-104345.0,0.529457,624046.0,0.49193260785847576,close_trailing_long
361,211279,DOGEUSDT,1851.4097204517407,-6.779770278400001,174905.49063776157,-65146.0,0.520352,558900.0,0.49193260785847576,close_trailing_long
362,211307,DOGEUSDT,2538.750378597954,-6.985518656000001,177437.25549770353,-65840.0,0.530492,493060.0,0.49193260785847576,close_trailing_long
363,211324,DOGEUSDT,2662.6623443088265,-7.1040634042,180092.81377860816,-66793.0,0.531797,426267.0,0.49193260785847576,close_trailing_long
364,211359,DOGEUSDT,3862.3971734503534,-7.4423968916000005,183947.76855516693,-67793.0,0.548906,358474.0,0.49193260785847576,close_trailing_long
365,211368,DOGEUSDT,4518.059665447708,-7.716288232800001,188458.11193238184,-69244.0,0.557181,289230.0,0.49193260785847576,close_trailing_long
366,211378,DOGEUSDT,4180.072343304012,-7.815751082,192630.36852460387,-70942.0,0.550855,218288.0,0.49193260785847576,close_trailing_long
367,211405,DOGEUSDT,5899.396063358351,-8.314181051400002,198521.45040691082,-72513.0,0.573289,145775.0,0.49193260785847576,close_trailing_long
368,211411,DOGEUSDT,5989.937724736108,-8.550412302,204502.83771934494,-74730.0,0.572087,71045.0,0.49193260785847576,close_trailing_long
369,211424,DOGEUSDT,6398.908919694589,-8.269652209,210893.47698683053,-71045.0,0.582001,0.0,0.49193260785847576,close_trailing_long
370,212876,ETCUSDT,0.0,-84.35731976000001,210809.11966707054,4415.92,95.515,4415.92,95.515,entry_initial_normal_long
371,212883,ETCUSDT,1662.403499999999,-8.173689110000002,212463.34947796052,-410.47,99.565,4005.45,95.515,close_trailing_long
372,212907,ETCUSDT,3513.6776000000004,-8.571643280000002,215968.45543468054,-411.92,104.045,3593.53,95.515,close_trailing_long
373,212911,ETCUSDT,2890.355130000002,-8.576688156,218850.23387652455,-418.71,102.418,3174.82,95.515,close_trailing_long
374,212919,ETCUSDT,3516.174100000003,-8.80863772,222357.59933880455,-424.3,103.802,2750.52,95.515,close_trailing_long
375,212924,ETCUSDT,2745.6759,-8.78443848,225094.49080032454,-431.1,101.884,2319.42,95.515,close_trailing_long
376,212928,ETCUSDT,1976.0192000000025,-8.731753040000001,227061.77824728453,-436.4,100.043,1883.02,95.515,close_trailing_long
377,212960,ETCUSDT,3770.484299999999,-9.163619520000001,230823.0989277645,-440.22,104.08,1442.8,95.515,close_trailing_long
378,213021,ETCUSDT,5559.864239999996,-9.660756378,236373.3024113865,-447.51,107.939,995.29,95.515,close_trailing_long
379,213026,ETCUSDT,5156.91231,-9.785714272000002,241520.42900711452,-458.27,106.768,537.02,95.515,close_trailing_long
380,213032,ETCUSDT,5019.639999999999,-9.94890775,246530.12009936452,-468.25,106.235,68.77,95.515,close_trailing_long
381,213065,ETCUSDT,832.9422399999996,-1.480301758,247361.5820376065,-68.77,107.627,0.0,95.515,close_trailing_long
382,215997,ZECUSDT,0.0,-98.94461031800002,247262.63742728852,1732.891,285.49,1732.891,285.49,entry_initial_normal_long
383,216033,ZECUSDT,2208.3656699999965,-9.63884768,249461.3642496085,-161.077,299.2,1571.814,285.49,close_trailing_long
384,216040,ZECUSDT,2173.1083000000012,-9.67364904,251624.7989005685,-161.81,298.92,1410.004,285.49,close_trailing_long
385,216061,ZECUSDT,2456.355650000002,-9.810407004000002,254071.34414356452,-163.213,300.54,1246.791,285.49,close_trailing_long
386,216092,ZECUSDT,3795.343999999996,-10.1688192,257856.51932436452,-164.8,308.52,1081.991,285.49,close_trailing_long
387,216121,ZECUSDT,3694.662949999996,-10.28885858,261540.89341578452,-167.255,307.58,914.736,285.49,close_trailing_long
388,216137,ZECUSDT,5345.513949999999,-10.755493000000001,266875.65187278454,-169.645,317.0,745.091,285.49,close_trailing_long
389,216147,ZECUSDT,5061.5902000000015,-10.89626733,271926.34580545453,-173.105,314.73,571.986,285.49,close_trailing_long
390,216173,ZECUSDT,5619.530520000003,-11.194965540000002,277534.68135991454,-176.382,317.35,395.604,285.49,close_trailing_long
391,216183,ZECUSDT,4637.289439999999,-11.20618275,282160.76461716456,-180.019,311.25,215.585,285.49,close_trailing_long
392,216192,ZECUSDT,4560.858400000003,-11.362247640000001,286710.26076952455,-183.02,310.41,32.565,285.49,close_trailing_long
393,216210,ZECUSDT,707.311799999999,-2.0008587299999996,287415.5717107945,-32.565,307.21,0.0,285.49,close_trailing_long
394,225328,SXPUSDT,0.0,-114.966211536,287300.6054992585,204449.8,2.8116,204449.8,2.8116,entry_initial_normal_long
395,225359,SXPUSDT,3924.3466500000022,-11.471254842,291213.4808944165,-19004.1,3.0181,185445.7,2.8116,close_trailing_long
396,225362,SXPUSDT,2621.9196700000048,-11.309737766,293824.0908266505,-19180.1,2.9483,166265.6,2.8116,close_trailing_long
397,225370,SXPUSDT,3605.2776000000026,-11.603072160000002,297417.7653544905,-19352.0,2.9979,146913.6,2.8116,close_trailing_long
398,225377,SXPUSDT,2959.8525700000005,-11.607088298,300366.01083619246,-19588.7,2.9627,127324.9,2.8116,close_trailing_long
399,225389,SXPUSDT,2170.184130000003,-11.558357154000001,302524.63660903845,-19782.9,2.9213,107542.0,2.8116,close_trailing_long
400,225402,SXPUSDT,0.0,-62.448936280000005,302462.1876727585,114682.0,2.7227,222224.0,2.765721832925337,entry_initial_partial_long
401,225410,SXPUSDT,0.0,-25.872985200000002,302436.31468755845,60450.9,2.14,282674.9,2.631909287312032,entry_initial_partial_long
402,225416,SXPUSDT,0.0,-26.561082799999998,302409.7536047585,79524.2,1.67,362199.1000000001,2.4207131066863496,entry_initial_partial_long
403,225431,SXPUSDT,0.0,-30.81252572,302378.9410790385,123794.8,1.2445,485993.9,2.121102213834371,entry_initial_partial_long
404,225473,SXPUSDT,40659.477374815906,-104.547742,342933.87071185437,-227277.7,2.3,258716.2,2.121102213834371,close_trailing_long
405,225477,SXPUSDT,17331.794489348616,-16.167222000000002,360249.497979203,-29939.3,2.7,228776.9,2.121102213834371,close_trailing_long
406,225478,SXPUSDT,0.0,-34.501949106000005,360214.996030097,72020.1,2.3953,300797.0,2.1867536398107847,entry_initial_partial_long
407,225480,SXPUSDT,3463.5954619397844,-14.033578228,363664.5579138088,-30503.8,2.3003,270293.2,2.1867536398107847,close_trailing_long
408,225482,SXPUSDT,3373.5787537510546,-14.143325034,367023.99334252585,-30795.9,2.2963,239497.3,2.1867536398107847,close_trailing_long
409,225483,SXPUSDT,0.0,-39.270525866,366984.72281665984,87458.3,2.2451,326955.6000000001,2.2023608766139966,entry_initial_partial_long
410,225485,SXPUSDT,2765.985466409563,-14.144802960000002,369736.5634801094,-30856.9,2.292,296098.7,2.2023608766139966,close_trailing_long
411,225489,SXPUSDT,4182.579175648751,-14.530002916,373904.61265284213,-31088.2,2.3369,265010.5,2.2023608766139966,close_trailing_long
412,225491,SXPUSDT,3918.492008395544,-14.631570980000001,377808.47309025767,-31438.7,2.327,233571.8,2.2023608766139966,close_trailing_long
413,225492,SXPUSDT,0.0,-42.984313246,377765.4887770117,92842.7,2.3149,326414.5,2.2343705945364225,entry_initial_partial_long
414,225497,SXPUSDT,2727.87356507532,-14.53644369,380478.825898397,-31308.3,2.3215,295106.2,2.2343705945364225,close_trailing_long
415,225502,SXPUSDT,2747.4689683640786,-14.64086476,383211.6540020011,-31533.2,2.3215,263573.0,2.2343705945364225,close_trailing_long
416,225506,SXPUSDT,0.0,-30.823355420000002,383180.8306465811,66341.0,2.3231,329914.0,2.252212812471579,entry_initial_partial_long
417,225560,SXPUSDT,3178.5012866766665,-14.827118409999999,386344.5048148477,-31505.5,2.3531,298408.5,2.252212812471579,close_trailing_long
418,225578,SXPUSDT,4837.493884152812,-15.276077040000002,391166.7226219605,-31765.6,2.4045,266642.9,2.252212812471579,close_trailing_long
419,225581,SXPUSDT,5389.955884007827,-15.565169916,396541.11333605234,-32162.1,2.4198,234480.8,2.252212812471579,close_trailing_long
420,225588,SXPUSDT,5525.960262176637,-15.79142136,402051.282176869,-32604.0,2.4217,201876.8,2.252212812471579,close_trailing_long
421,225592,SXPUSDT,5513.500736845766,-15.99302498,407548.78988873475,-33057.1,2.419,168819.7,2.252212812471579,close_trailing_long
422,225596,SXPUSDT,4000.5572056086094,-15.894036312,411533.4530580314,-33509.1,2.3716,135310.6,2.252212812471579,close_trailing_long
423,225598,SXPUSDT,4587.82298824292,-16.159054451999996,416105.1169918223,-33836.7,2.3878,101473.9,2.252212812471579,close_trailing_long
424,225602,SXPUSDT,4464.30595203485,-16.303672403999997,420553.1192714532,-34212.6,2.3827,67261.3,2.252212812471579,close_trailing_long
425,225607,SXPUSDT,3536.9170565139934,-16.28292147,424073.7534064972,-34578.3,2.3545,32683.0,2.252212812471579,close_trailing_long
426,225611,SXPUSDT,3329.9789499913786,-15.387810060000001,427388.3445464286,-32683.0,2.3541,0.0,2.252212812471579,close_trailing_long
427,226077,KSMUSDT,0.0,-170.95332090000002,427217.3912255286,2459.3,347.565,2459.3,347.565,entry_initial_normal_long
428,226097,KSMUSDT,3795.903000000004,-16.6498524,430996.6443731286,-228.6,364.17,2230.7,347.565,close_trailing_long
429,226104,KSMUSDT,3112.8944000000047,-16.589714980000004,434092.9490581486,-229.7,361.117,2001.0,347.565,close_trailing_long
430,226112,KSMUSDT,0.0,-37.190825999999994,434055.7582321486,545.4,340.95,2546.4,346.148168001885,entry_initial_partial_long
431,226341,KSMUSDT,5281.852921889742,-19.7968324,439317.8143216383,-270.7,365.66,2275.7,346.148168001885,close_trailing_long
432,226353,KSMUSDT,5048.027702756842,-17.2854924,444348.5565319952,-235.1,367.62,2040.6,346.148168001885,close_trailing_long
433,226362,KSMUSDT,4169.069649151753,-17.296620800000003,448500.32956034696,-237.8,363.68,1802.8,346.148168001885,close_trailing_long
434,226393,KSMUSDT,7128.43967954761,-18.0408,455610.72843989456,-240.0,375.85,1562.8,346.148168001885,close_trailing_long
435,226402,KSMUSDT,6446.518641140436,-18.1674884,462039.079592635,-243.8,372.59,1319.0,346.148168001885,close_trailing_long
436,226406,KSMUSDT,5545.148869934028,-18.2225952,467566.005867369,-247.2,368.58,1071.8,346.148168001885,close_trailing_long
437,226445,KSMUSDT,8104.436365928382,-18.9421416,475651.5000916974,-250.2,378.54,821.6,346.148168001885,close_trailing_long
438,226449,KSMUSDT,7495.491243520278,-19.118040000000004,483127.87329521764,-254.5,375.6,567.1,346.148168001885,close_trailing_long
439,226456,KSMUSDT,5811.553571512731,-19.058171,488920.36869573034,-258.5,368.63,308.6,346.148168001885,close_trailing_long
440,226531,KSMUSDT,17389.031250706892,-21.588278400000004,506287.81166803726,-261.6,412.62,47.0,346.148168001885,close_trailing_long
441,226546,KSMUSDT,3110.0761039114054,-3.875808,509394.01196394867,-47.0,412.32,0.0,346.148168001885,close_trailing_long
442,228778,RUNEUSDT,0.0,-203.756715,509190.25524894864,112635.0,9.045,112635.0,9.045,entry_initial_normal_long
443,228818,RUNEUSDT,6459.990000000009,-20.232228000000003,515630.0130209486,-10470.0,9.662,102165.0,9.045,close_trailing_long
444,228826,RUNEUSDT,10314.189000000004,-21.1604508,525923.0415701487,-10557.0,10.022,91608.0,9.045,close_trailing_long
445,228829,RUNEUSDT,8948.207999999995,-21.2689536,534849.9806165487,-10768.0,9.876,80840.0,9.045,close_trailing_long
446,228843,RUNEUSDT,9604.027000000007,-21.7311644,544432.2764521487,-10951.0,9.922,69889.0,9.045,close_trailing_long
447,228848,RUNEUSDT,9686.742999999997,-22.102271599999998,554096.9171805487,-11147.0,9.914,58742.0,9.045,close_trailing_long
448,228870,RUNEUSDT,12343.359999999991,-22.991777,566417.2854035486,-11345.0,10.133,47397.0,9.045,close_trailing_long
449,228883,RUNEUSDT,13185.789000000006,-23.616130800000004,579579.4582727486,-11597.0,10.182,35800.0,9.045,close_trailing_long
450,228888,RUNEUSDT,13040.734000000002,-24.0737408,592596.1185319487,-11866.0,10.144,23934.0,9.045,close_trailing_long
451,228902,RUNEUSDT,10021.858000000006,-23.952968600000002,602594.0235633487,-12133.0,9.871,11801.0,9.045,close_trailing_long
452,228950,RUNEUSDT,12839.48799999999,-23.9159066,615409.5956567486,-11801.0,10.133,0.0,9.045,close_trailing_long
453,230946,FTMUSDT,0.0,-246.16382158800002,615163.4318351606,5398803.0,0.22798,5398803.0,0.22798,entry_initial_normal_long
454,231516,FTMUSDT,6378.28472,-24.157188815999998,621517.5593663446,-501832.0,0.24069,4896971.0,0.22798,close_trailing_long
455,231564,FTMUSDT,5825.7843600000115,-24.183567936000003,627319.1601584086,-504834.0,0.23952,4392137.0,0.22798,close_trailing_long
456,231569,FTMUSDT,7082.689400000012,-24.649797296000003,634377.1997611126,-509546.0,0.24188,3882591.0,0.22798,close_trailing_long
457,231574,FTMUSDT,4596.288680000006,-24.41391902,638949.0745220926,-515279.0,0.2369,3367312.0,0.22798,close_trailing_long
458,231598,FTMUSDT,9720.738890000013,-25.608152606,648644.2052594866,-518993.0,0.24671,2848319.0,0.22798,close_trailing_long
459,231605,FTMUSDT,10864.01816,-26.19587696,659482.0275425266,-526868.0,0.2486,2321451.0,0.22798,close_trailing_long
460,231617,FTMUSDT,8506.455480000002,-26.125746012,667962.3572765146,-535671.0,0.24386,1785780.0,0.22798,close_trailing_long
461,231626,FTMUSDT,6391.345020000007,-26.016789168000003,674327.6855073466,-542559.0,0.23976,1243221.0,0.22798,close_trailing_long
462,231647,FTMUSDT,12433.448300000015,-27.460941144,686733.6728662027,-547729.0,0.25068,695492.0,0.22798,close_trailing_long
463,231658,FTMUSDT,13515.63938,-28.136850252,700221.1753959507,-557806.0,0.25221,137686.0,0.22798,close_trailing_long
464,231669,FTMUSDT,3363.668980000005,-6.950664652000001,703577.8937112987,-137686.0,0.25241,0.0,0.22798,close_trailing_long
465,273536,DOGEUSDT,0.0,-281.431140592,703296.4625707067,8099204.0,0.17374,8099204.0,0.17374,entry_initial_normal_long
466,273559,DOGEUSDT,5104.261980000007,-27.180571464000003,708373.5439792428,-752841.0,0.18052,7346363.0,0.17374,close_trailing_long
467,273564,DOGEUSDT,7180.173629999993,-27.67122645,715526.0463827928,-755013.0,0.18325,6591350.0,0.17374,close_trailing_long
468,273575,DOGEUSDT,5994.318960000004,-27.698939520000003,721492.6664032728,-762636.0,0.1816,5828714.0,0.17374,close_trailing_long
469,273623,DOGEUSDT,0.0,-94.7806695,721397.8857337728,2850375.0,0.16626,8679089.0,0.17128342823307838,entry_initial_partial_long
470,273678,DOGEUSDT,18015.385221242777,-39.078307256,739374.1926477596,-1035571.0,0.18868,7643518.0,0.17128342823307838,close_trailing_long
471,273710,DOGEUSDT,20436.818107891166,-31.470685090000003,759779.5400705608,-799357.0,0.19685,6844161.0,0.17128342823307838,close_trailing_long
472,273721,DOGEUSDT,24302.94260764122,-32.999646732,784049.48303147,-821418.0,0.20087,6022743.0,0.17128342823307838,close_trailing_long
473,273727,DOGEUSDT,23180.485637661717,-33.673982256,807196.2946868757,-847656.0,0.19863,5175087.0,0.17128342823307838,close_trailing_long
474,273741,DOGEUSDT,20330.47554612893,-33.961253796,827492.8089792086,-872681.0,0.19458,4302406.0,0.17128342823307838,close_trailing_long
475,273765,DOGEUSDT,22389.3717404105,-35.124727488000005,849847.0559921311,-894624.0,0.19631,3407782.0,0.17128342823307838,close_trailing_long
476,273781,DOGEUSDT,30390.489526873465,-37.552866624,880199.9926523806,-918792.0,0.20436,2488990.0,0.17128342823307838,close_trailing_long
477,273826,DOGEUSDT,38508.27295940498,-40.30055645,918667.9650553355,-951607.0,0.21175,1537383.0,0.17128342823307838,close_trailing_long
478,273840,DOGEUSDT,37201.7172526195,-41.46394660800001,955828.2183613471,-993196.0,0.20874,544187.0,0.17128342823307838,close_trailing_long
479,273860,DOGEUSDT,17667.88629012577,-22.175620249999998,973473.9290312228,-544187.0,0.20375,0.0,0.17128342823307838,close_trailing_long
480,274348,BAKEUSDT,0.0,-389.38962432,973084.5394069029,1193568.0,1.6312,1193568.0,1.6312,entry_initial_normal_long
481,274372,BAKEUSDT,7067.26020000001,-37.608475080000005,980114.1911318229,-110946.0,1.6949,1082622.0,1.6312,close_trailing_long
482,274380,BAKEUSDT,12272.639800000006,-38.7539478,992348.0769840229,-111266.0,1.7415,971356.0,1.6312,close_trailing_long
483,274390,BAKEUSDT,11220.43799999999,-38.996654799999995,1003529.5183292228,-112655.0,1.7308,858701.0,1.6312,close_trailing_long
484,274398,BAKEUSDT,7929.110400000012,-38.752387840000004,1011419.8763413829,-113924.0,1.7008,744777.0,1.6312,close_trailing_long
485,274428,BAKEUSDT,0.0,-164.52641480000003,1011255.3499265829,510476.0,1.6115,1255253.0,1.6231885654923746,entry_initial_partial_long
486,274500,BAKEUSDT,24001.310853995215,-45.253367600000004,1035211.4074129781,-124610.0,1.8158,1130643.0,1.6231885654923746,close_trailing_long
487,274514,BAKEUSDT,24082.144326785066,-43.156467420000006,1059250.3952723432,-118101.0,1.8271,1012542.0,1.6231885654923746,close_trailing_long
488,274537,BAKEUSDT,34973.34598020499,-46.224864360000005,1094177.516388188,-120843.0,1.9126,891699.0,1.6231885654923746,close_trailing_long
489,274540,BAKEUSDT,31445.600546717866,-46.81299656,1125576.303938346,-124828.0,1.8751,766871.0,1.6231885654923746,close_trailing_long
490,274543,BAKEUSDT,34813.4193051242,-48.649412600000005,1160341.0738308702,-128410.0,1.8943,638461.0,1.6231885654923746,close_trailing_long
491,274569,BAKEUSDT,49179.197654381416,-52.810081440000005,1209467.4614038116,-132376.0,1.9947,506085.0,1.6231885654923746,close_trailing_long
492,274582,BAKEUSDT,51827.241344796654,-55.15928456,1261239.5434640483,-137981.0,1.9988,368104.0,1.6231885654923746,close_trailing_long
493,274591,BAKEUSDT,44980.7214769987,-55.707290920000005,1306164.557650127,-143887.0,1.9358,224217.0,1.6231885654923746,close_trailing_long
494,274599,BAKEUSDT,43766.52827885029,-57.12822056,1349873.9577084172,-149012.0,1.9169,75205.0,1.6231885654923746,close_trailing_long
495,274605,BAKEUSDT,20749.919432145973,-28.5643631,1370595.312777463,-75205.0,1.8991,0.0,1.6231885654923746,close_trailing_long
496,318180,RUNEUSDT,0.0,-548.2378726000001,1370047.074904863,737077.0,3.719,737077.0,3.719,entry_initial_normal_long
497,318586,RUNEUSDT,19731.743999999988,-54.906318199999994,1389723.912586663,-68513.0,4.007,668564.0,3.719,close_trailing_long
498,318602,RUNEUSDT,15016.183000000006,-54.473452800000004,1404685.622133863,-69199.0,3.936,599365.0,3.719,close_trailing_long
499,318611,RUNEUSDT,11750.59200000001,-54.3744656,1416381.839668263,-69944.0,3.887,529421.0,3.719,close_trailing_long
500,318655,RUNEUSDT,27293.562,-57.9159512,1443617.485717063,-70526.0,4.106,458895.0,3.719,close_trailing_long
501,318664,RUNEUSDT,28249.62600000002,-59.1157568,1471807.995960263,-71882.0,4.112,387013.0,3.719,close_trailing_long
502,318682,RUNEUSDT,25723.38600000003,-59.654804000000006,1497471.727156263,-73286.0,4.07,313727.0,3.719,close_trailing_long
503,318697,RUNEUSDT,21772.68800000002,-59.815240800000005,1519184.599915463,-74564.0,4.011,239163.0,3.719,close_trailing_long
504,318741,RUNEUSDT,30938.80500000002,-62.452512000000006,1550060.952403463,-75645.0,4.128,163518.0,3.719,close_trailing_long
505,318763,RUNEUSDT,23926.420000000006,-62.1932556,1573925.179147863,-77182.0,4.029,86336.0,3.719,close_trailing_long
506,318772,RUNEUSDT,12539.200000000012,-60.799445999999996,1586403.579701863,-78370.0,3.879,7966.0,3.719,close_trailing_long
507,318796,RUNEUSDT,1163.0360000000028,-6.157718,1587560.457983863,-7966.0,3.865,0.0,3.719,close_trailing_long
508,385368,ALICEUSDT,0.0,-635.0240574400001,1586925.433926423,237801.1,13.352,237801.1,13.352,entry_initial_normal_long
509,385388,ALICEUSDT,0.0,-145.70825906000002,1586779.725667363,70849.1,10.283,308650.2,12.647526496013935,entry_initial_partial_long
510,385424,ALICEUSDT,77112.06438801101,-220.21065600000003,1663671.579399374,-80959.8,13.6,227690.4,12.647526496013935,close_trailing_long
511,385427,ALICEUSDT,18499.787241545368,-65.31541818000001,1682106.0512227395,-24358.7,13.407,203331.7,12.647526496013935,close_trailing_long
512,385431,ALICEUSDT,0.0,-136.53457272000003,1681969.5166500194,51764.7,13.188,255096.4,12.75720052038977,entry_initial_partial_long
513,385440,ALICEUSDT,19282.87531473583,-66.14973006000001,1701186.2422346952,-24414.9,13.547,230681.5,12.75720052038977,close_trailing_long
514,385444,ALICEUSDT,15873.226069547078,-66.179652,1716993.2886522424,-24693.9,13.4,205987.6,12.75720052038977,close_trailing_long
515,385462,ALICEUSDT,34912.54567016964,-70.57281628,1751835.261506132,-24923.3,14.158,181064.3,12.75720052038977,close_trailing_long
516,385466,ALICEUSDT,23898.254946956487,-69.66047653999999,1775663.8559765485,-25429.1,13.697,155635.2,12.75720052038977,close_trailing_long
517,385473,ALICEUSDT,32471.205607005715,-72.25735466,1808062.8042288942,-25774.9,14.017,129860.3,12.75720052038977,close_trailing_long
518,385502,ALICEUSDT,36396.82970226643,-74.24242176,1844385.3915094007,-26245.2,14.144,103615.1,12.75720052038977,close_trailing_long
519,385507,ALICEUSDT,34611.47406786491,-75.230725,1878921.6348522655,-26772.5,14.05,76842.6,12.75720052038977,close_trailing_long
520,385524,ALICEUSDT,33077.65044699352,-76.20299720000001,1911923.082302059,-27273.8,13.97,49568.8,12.75720052038977,close_trailing_long
521,385530,ALICEUSDT,25221.73019772681,-75.85395296,1937068.958546826,-27752.8,13.666,21816.0,12.75720052038977,close_trailing_long
522,385540,ALICEUSDT,23600.537447176797,-60.382324800000006,1960609.1136692027,-21816.0,13.839,0.0,12.75720052038977,close_trailing_long
523,385562,SXPUSDT,0.0,-784.2436436640002,1959824.8700255386,1399335.6,2.8022,1399335.6,2.8022,entry_initial_normal_long
524,388407,SXPUSDT,17403.59345999999,-76.37810224,1977152.0853832986,-130071.7,2.936,1269263.9000000001,2.8022,close_trailing_long
525,388885,SXPUSDT,26902.276300000027,-78.60586434000001,2003975.7558189586,-130657.0,3.0081,1138606.9000000001,2.8022,close_trailing_long
526,388969,SXPUSDT,24910.007759999993,-79.200846576,2028806.5627323827,-132429.6,2.9903,1006177.3,2.8022,close_trailing_long
527,389101,SXPUSDT,22255.70299999999,-79.58961162,2050982.6761207627,-134070.5,2.9682,872106.8,2.8022,close_trailing_long
528,389132,SXPUSDT,18351.560860000023,-79.630051968,2069254.6069287946,-135535.9,2.9376,736570.9,2.8022,close_trailing_long
529,389237,SXPUSDT,16436.556680000012,-79.92378243200001,2085611.2398263626,-136743.4,2.9224,599827.5,2.8022,close_trailing_long
530,456968,SXPUSDT,0.0,-607.6176804,2085003.6221459627,1608220.0,1.8891,2208047.5,2.1371483278779104,entry_initial_partial_long
531,462073,SXPUSDT,43029.50567445022,-195.60920086000007,2127837.5186195527,-437506.6000000001,2.2355,1770540.9000000001,2.1371483278779104,close_trailing_long
532,462354,SXPUSDT,28365.971262828312,-84.47934204,2156119.010540341,-184372.2,2.291,1586168.7000000002,2.1371483278779104,close_trailing_long
533,462397,SXPUSDT,29602.36920536348,-85.774038024,2185635.6057076803,-186822.7,2.2956,1399346.0,2.1371483278779104,close_trailing_long
534,462566,SXPUSDT,57770.74667681578,-92.50086488800001,2243313.851519608,-189380.2,2.4422,1209965.8,2.1371483278779104,close_trailing_long
535,462573,SXPUSDT,52744.76818858033,-93.63183443,2295964.987873758,-194377.9,2.4085,1015587.9,2.1371483278779104,close_trailing_long
536,462610,SXPUSDT,43697.50365196846,-93.7723584,2339568.7191673266,-198940.0,2.3568,816647.9,2.1371483278779104,close_trailing_long
537,462732,SXPUSDT,38162.04011958021,-94.28018045600001,2377636.479106451,-202718.2,2.3254,613929.7000000001,2.1371483278779104,close_trailing_long
538,462764,SXPUSDT,36516.804560074896,-95.36101009600002,2414057.92265643,-206016.7,2.3144,407913.0,2.1371483278779104,close_trailing_long
539,462848,SXPUSDT,40736.6941369578,-97.55387055000001,2454697.0629228377,-209172.5,2.3319,198740.5,2.1371483278779104,close_trailing_long
540,462940,SXPUSDT,36379.780843380104,-92.22354162,2490984.620224598,-198740.5,2.3202,0.0,2.1371483278779104,close_trailing_long
541,468954,1000SHIBUSDT,0.0,-996.3938439840001,2489988.2263806136,113709840.0,0.043813,113709840.0,0.043813,entry_initial_normal_long
542,468984,1000SHIBUSDT,23052.304143000027,-97.2276640764,2512943.3028595373,-10569603.0,0.045994,103140237.0,0.043813,close_trailing_long
543,468992,1000SHIBUSDT,33838.95522600001,-99.8366011718,2546682.4214843656,-10621141.0,0.046999,92519096.0,0.043813,close_trailing_long
544,468998,1000SHIBUSDT,33001.63297199999,-100.9186922436,2579583.135764122,-10763742.0,0.046879,81755354.0,0.043813,close_trailing_long
545,469021,1000SHIBUSDT,53728.99347200002,-106.28266521180001,2633205.8465709104,-10902799.0,0.048741,70852555.0,0.043813,close_trailing_long
546,469030,1000SHIBUSDT,51796.40910600006,-107.8821040026,2684894.373572908,-11129439.0,0.048467,59723116.0,0.043813,close_trailing_long
547,469054,1000SHIBUSDT,75520.30777500001,-114.54121390799999,2760300.1401339998,-11347905.0,0.050468,48375211.0,0.043813,close_trailing_long
548,469067,1000SHIBUSDT,93986.234328,-121.02710993939999,2854165.3473520605,-11666613.0,0.051869,36708598.0,0.043813,close_trailing_long
549,469077,1000SHIBUSDT,105144.08015600003,-126.7350478778,2959182.6924601826,-12063341.0,0.052529,24645257.0,0.043813,close_trailing_long
550,469081,1000SHIBUSDT,100720.52186500006,-129.739738906,3059773.474586277,-12507205.0,0.051866,12138052.0,0.043813,close_trailing_long
551,469093,1000SHIBUSDT,92977.47832,-124.9563901192,3152625.9965161574,-12138052.0,0.051473,0.0,0.043813,close_trailing_long
552,477926,DYDXUSDT,0.0,-1261.05046198,3151364.9460541774,481574.3,13.093,481574.3,13.093,entry_initial_normal_long
553,477931,DYDXUSDT,29409.6852,-123.0999,3180651.5313541773,-44763.6,13.75,436810.7,13.093,close_trailing_long
554,477935,DYDXUSDT,32569.212400000008,-124.31182534000001,3213096.431928837,-44985.1,13.817,391825.6000000001,13.093,close_trailing_long
555,477954,DYDXUSDT,34491.996000000014,-125.89805760000002,3247462.529871237,-45444.0,13.852,346381.6000000001,13.093,close_trailing_long
556,478038,DYDXUSDT,67195.58999999997,-133.71141599999999,3314524.408455237,-45930.0,14.556,300451.6000000001,13.093,close_trailing_long
557,478166,DYDXUSDT,82693.67399999997,-139.2947749,3397078.7876803367,-46878.5,14.857,253573.1,13.093,close_trailing_long
558,478366,DYDXUSDT,88116.54739999998,-143.43682694,3485051.8982533966,-48046.1,14.927,205527.0,13.093,close_trailing_long
559,478573,DYDXUSDT,97693.57279999997,-148.610556,3582596.8604973964,-49290.4,15.075,156236.6,13.093,close_trailing_long
560,478815,DYDXUSDT,95208.92999999998,-151.726248,3677654.0642493963,-50670.0,14.972,105566.6,13.093,close_trailing_long
561,478934,DYDXUSDT,89880.8832,-154.18108448,3767380.766364916,-52014.4,14.821,53552.2,13.093,close_trailing_long
562,479166,DYDXUSDT,94205.05120000005,-158.36892148000004,3861427.448643436,-53283.4,14.861,268.8,13.093,close_trailing_long
563,479526,DYDXUSDT,448.896,-0.7936588800000001,3861875.5509845563,-268.8,14.763,0.0,13.093,close_trailing_long
564,511494,HOTUSDT,0.0,-1544.7502205,3860330.8007640564,862988950.0,0.00895,862988950.0,0.00895,entry_initial_normal_long
565,511526,HOTUSDT,0.0,-379.09723815,3859951.7035259064,280812769.0,0.00675,1143801719.0,0.008409881829570847,entry_initial_partial_long
566,511609,HOTUSDT,139292.39963614164,-550.6815645504,3998693.4215974975,-310838544.0,0.008858,832963175.0,0.008409881829570847,close_trailing_long
567,511612,HOTUSDT,31883.79334408205,-154.471472604,4030422.7434689756,-88048035.0,0.008772,744915140.0,0.008409881829570847,close_trailing_long
568,511628,HOTUSDT,0.0,-402.42690768000006,4030020.3165612957,247799820.0,0.00812,992714960.0,0.008337522020276822,entry_initial_partial_long
569,511721,HOTUSDT,88646.75047569469,-210.33272208600005,4118456.7343149045,-115503966.0,0.009105,877210994.0,0.008337522020276822,close_trailing_long
570,511739,HOTUSDT,66635.45941706111,-165.8573332044,4184926.3363987613,-91472167.0,0.009066,785738827.0,0.008337522020276822,close_trailing_long
571,511752,HOTUSDT,66502.58854230632,-168.29251245620003,4251260.632428612,-92948477.0,0.009053,692790350.0,0.008337522020276822,close_trailing_long
572,511788,HOTUSDT,65101.73949522238,-170.4690852228,4316191.902838611,-94421782.0,0.009027,598368568.0,0.008337522020276822,close_trailing_long
573,511804,HOTUSDT,65425.017862334294,-172.9385207,4381443.982180245,-95863925.0,0.00902,502504643.0,0.008337522020276822,close_trailing_long
574,511833,HOTUSDT,62910.83641105179,-174.85234518240003,4444179.966246115,-97313193.0,0.008984,405191450.0,0.008337522020276822,close_trailing_long
575,511843,HOTUSDT,44465.139842828365,-173.48668149280002,4488471.619407451,-98706578.0,0.008788,306484872.0,0.008337522020276822,close_trailing_long
576,511868,HOTUSDT,48696.52073829941,-175.9733334468,4536992.1668123035,-99690309.0,0.008826,206794563.0,0.008337522020276822,close_trailing_long
577,511884,HOTUSDT,36526.16837401586,-175.33625909999998,4573342.99892722,-100767965.0,0.0087,106026598.0,0.008337522020276822,close_trailing_long
578,511949,HOTUSDT,50429.91363515915,-179.4632895104,4623593.449272868,-101575328.0,0.008834,4451270.0,0.008337522020276822,close_trailing_long
579,511987,HOTUSDT,1733.6716468023928,-7.769246658000001,4625319.351673013,-4451270.0,0.008727,0.0,0.008337522020276822,close_trailing_long
580,582370,FILUSDT,0.0,-1850.12788788,4623469.223785132,537546.6,17.209,537546.6,17.209,entry_initial_normal_long
581,582396,FILUSDT,113923.16400000006,-194.75864414000003,4737197.629140993,-49966.3,19.489,487580.3,17.209,close_trailing_long
582,582408,FILUSDT,100522.89720000006,-195.55067862,4837524.975662373,-50975.1,19.181,436605.2,17.209,close_trailing_long
583,582430,FILUSDT,101194.14239999995,-199.40035076,4938519.717711613,-52054.6,19.153,384550.6000000001,17.209,close_trailing_long
584,582462,FILUSDT,86779.90619999995,-200.25805176,5025099.365859852,-53141.4,18.842,331409.2,17.209,close_trailing_long
585,582582,FILUSDT,129126.56280000009,-211.93410814,5154013.994551713,-54073.1,19.597,277336.1000000001,17.209,close_trailing_long
586,582615,FILUSDT,113859.79060000004,-213.65487448000002,5267660.130277232,-55460.2,19.262,221875.9,17.209,close_trailing_long
587,582651,FILUSDT,103956.80539999998,-215.88325466,5371401.052422572,-56683.1,19.043,165192.8,17.209,close_trailing_long
588,582679,FILUSDT,87566.24250000004,-216.4475676,5458750.847354972,-57799.5,18.724,107393.3,17.209,close_trailing_long
589,582704,FILUSDT,78534.57779999998,-217.87618248,5537067.548972492,-58739.4,18.546,48653.9,17.209,close_trailing_long
590,582725,FILUSDT,48945.823400000016,-177.24615770000003,5585836.126214792,-48653.9,18.215,0.0,17.209,close_trailing_long
591,724269,FILUSDT,0.0,-2234.33435056,5583601.791864232,782220.4,14.282,782220.4,14.282,entry_initial_normal_long
592,725336,FILUSDT,79762.10209999997,-223.63926494,5663140.254699293,-72709.3,15.379,709511.1000000001,14.282,close_trailing_long
593,725378,FILUSDT,57493.88909999996,-221.2376601,5720412.906139192,-73427.7,15.065,636083.4,14.282,close_trailing_long
594,725901,FILUSDT,48136.524699999936,-221.48734986000002,5768327.943489332,-74170.3,14.931,561913.1,14.282,close_trailing_long
595,726273,FILUSDT,49885.99719999999,-223.61192568,5817990.328763652,-74791.6,14.949,487121.5,14.282,close_trailing_long
596,726516,FILUSDT,45789.34849999995,-224.63183190000004,5863555.045431752,-75435.5,14.889,411686.0,14.282,close_trailing_long
597,726616,FILUSDT,42346.64910000003,-225.63085314000003,5905676.063678612,-76026.3,14.839,335659.7,14.282,close_trailing_long
598,729826,FILUSDT,104138.46399999995,-239.54909615999998,6009574.978582452,-76572.4,15.642,259087.3,14.282,close_trailing_long
599,730191,FILUSDT,100827.96240000005,-242.73513792000006,6110160.205844532,-77919.6,15.576,181167.7,14.282,close_trailing_long
600,730499,FILUSDT,87304.51740000003,-243.75548016,6197220.967764372,-79223.7,15.384,101944.0,14.282,close_trailing_long
601,730647,FILUSDT,72558.39780000005,-244.03084620000004,6269535.334718172,-80352.6,15.185,21591.4,14.282,close_trailing_long
602,730892,FILUSDT,18417.464199999995,-65.35716780000001,6287887.441750373,-21591.4,15.135,0.0,14.282,close_trailing_long
603,731032,ENSUSDT,0.0,-2515.1549892400003,6285372.286761133,669707.9,18.778,669707.9,18.778,entry_initial_normal_long
604,731063,ENSUSDT,64180.78100000015,-246.62601180000004,6349306.441749333,-62251.0,19.809,607456.9,18.778,close_trailing_long
605,733901,ENSUSDT,45895.768800000034,-244.33078992,6394957.879759413,-62613.6,19.511,544843.3,18.778,close_trailing_long
606,739177,ENSUSDT,0.0,-1329.4702154400002,6393628.409543973,589617.8,11.274,1134461.1,14.877917422289755,entry_initial_partial_long
607,739492,ENSUSDT,0.0,-547.6398265600003,6393080.769717413,309121.6000000001,8.858,1443582.7000000002,13.588842327772426,entry_initial_partial_long
608,850684,ENSUSDT,757360.3670807678,-1754.33608866,7148686.8007095205,-589772.1,14.873,853810.6000000001,13.588842327772426,close_trailing_long
609,850687,ENSUSDT,64895.21518692812,-277.7364372,7213304.279459248,-97417.2,14.255,756393.4,13.588842327772426,close_trailing_long
610,850728,ENSUSDT,108339.5642173245,-288.81830214,7321355.025374433,-98297.7,14.691,658095.7000000001,13.588842327772426,close_trailing_long
611,850756,ENSUSDT,119440.66038967948,-295.04043543999995,7440500.645328673,-99770.2,14.786,558325.5,13.588842327772426,close_trailing_long
612,850792,ENSUSDT,121181.5779863083,-299.80118784000007,7561382.422127141,-101393.8,14.784,456931.7,13.588842327772426,close_trailing_long
613,850864,ENSUSDT,181265.5416197688,-316.29496056000005,7742331.66878635,-103041.1,15.348,353890.6000000001,13.588842327772426,close_trailing_long
614,850916,ENSUSDT,194676.86600794736,-325.67869892,7936682.856095377,-105506.9,15.434,248383.7,13.588842327772426,close_trailing_long
615,850983,ENSUSDT,205512.31310284225,-335.04379812,8141860.1254001,-108155.4,15.489,140228.3,13.588842327772426,close_trailing_long
616,851051,ENSUSDT,199064.30555439036,-341.35307724,8340583.0778772505,-110951.4,15.383,29276.9,13.588842327772426,close_trailing_long
617,851082,ENSUSDT,43949.24305403946,-88.35768420000001,8384443.96324709,-29276.9,15.09,0.0,13.588842327772426,close_trailing_long
618,892322,BLZUSDT,0.0,-3353.7775816000003,8381090.18566549,143938952.0,0.1165,143938952.0,0.1165,entry_initial_normal_long
619,892378,BLZUSDT,70108.43327999992,-325.76338425600005,8450872.855561234,-13379472.0,0.12174,130559480.0,0.1165,close_trailing_long
620,892619,BLZUSDT,71193.93009999998,-327.22342212,8521739.562239114,-13432817.0,0.1218,117126663.0,0.1165,close_trailing_long
621,892621,BLZUSDT,61631.84754999998,-327.93561081000007,8583043.474178305,-13545461.0,0.12105,103581202.0,0.1165,close_trailing_long
622,892712,BLZUSDT,62075.21774999998,-330.29473005000006,8644788.397198254,-13642905.0,0.12105,89938297.0,0.1165,close_trailing_long
623,893085,BLZUSDT,62521.77749999998,-332.67082050000005,8706977.503877753,-13741050.0,0.12105,76197247.0,0.1165,close_trailing_long
624,893450,BLZUSDT,71967.47999999995,-336.86316600000004,8778608.120711753,-13839900.0,0.1217,62357347.0,0.1165,close_trailing_long
625,893823,BLZUSDT,99908.91444,-345.104367588,8878171.930784166,-13953759.0,0.12366,48403588.0,0.1165,close_trailing_long
626,893831,BLZUSDT,251899.50344999987,-379.18989679000003,9129692.244337376,-14112017.0,0.13435,34291571.0,0.1165,close_trailing_long
627,893834,BLZUSDT,266001.53229,-391.32554935800005,9395302.451078018,-14511813.0,0.13483,19779758.0,0.1165,close_trailing_long
628,893836,BLZUSDT,193395.36475000004,-386.6413894500001,9588311.174438568,-14934005.0,0.12945,4845753.0,0.1165,close_trailing_long
629,893840,BLZUSDT,45356.24807999997,-121.977294516,9633545.445224052,-4845753.0,0.12586,0.0,0.1165,close_trailing_long
630,899541,TRBUSDT,0.0,-3853.41814928,9629692.027074773,729786.4,26.401,729786.4,26.401,entry_initial_normal_long
631,899639,TRBUSDT,0.0,-788.233272,9628903.793802774,187764.0,20.99,917550.4,25.293713681995015,entry_initial_partial_long
632,927191,TRBUSDT,0.0,-1386.1034598,9627517.690342974,515855.4,13.435,1433405.8,21.02598887586474,entry_initial_partial_long
633,1002088,TRBUSDT,0.0,-1258.8361011600002,9626258.854241814,696104.9,9.042,2129510.7,17.108603826785185,entry_initial_partial_long
634,1029845,TRBUSDT,1863643.8814068893,-4165.3322505999995,11485737.403398104,-1108390.7,18.79,1021120.0,17.108603826785185,close_trailing_long
635,1123962,TRBUSDT,168003.68029942343,-458.9842712,11653282.099426327,-124318.6,18.46,896801.4,17.108603826785185,close_trailing_long
636,1123969,TRBUSDT,159102.4221199312,-463.4089680000001,11811921.112578258,-126132.0,18.37,770669.4,17.108603826785185,close_trailing_long
637,1124001,TRBUSDT,115242.68948895844,-460.5124582000001,11926703.289609017,-127849.1,18.01,642820.3,17.108603826785185,close_trailing_long
638,1126855,TRBUSDT,162835.39795494312,-474.28180360000005,12089064.40576036,-129091.4,18.37,513728.9,17.108603826785185,close_trailing_long
639,1126895,TRBUSDT,184679.49558975067,-484.66395520000003,12273259.237394912,-130848.8,18.52,382880.1000000001,17.108603826785185,close_trailing_long
640,1126996,TRBUSDT,280483.14614028897,-510.64656999999994,12553231.736965202,-132842.5,19.22,250037.6,17.108603826785185,close_trailing_long
641,1127047,TRBUSDT,388785.9099639818,-542.6759632,12941474.970965983,-135872.8,19.97,114164.8,17.108603826785185,close_trailing_long
642,1127050,TRBUSDT,292421.28183583496,-449.1243232000001,13233447.128478618,-114164.8,19.67,0.0,17.108603826785185,close_trailing_long
643,1165078,HOOKUSDT,0.0,-5293.37885284,13228153.749625778,13944622.9,1.898,13944622.9,1.898,entry_initial_normal_long
644,1165124,HOOKUSDT,134803.37519999983,-518.99299452,13362438.131831259,-1296186.3,2.002,12648436.600000001,1.898,close_trailing_long
645,1165311,HOOKUSDT,213808.42359999992,-537.64996276,13575708.9054685,-1303709.9000000001,2.062,11344726.700000001,1.898,close_trailing_long
646,1165444,HOOKUSDT,198677.6550000002,-542.5224499200001,13773844.038018579,-1324517.7000000002,2.048,10020209.0,1.898,close_trailing_long
647,1165702,HOOKUSDT,204265.0175999999,-550.978008,13977558.077610578,-1343848.8,2.05,8676360.200000001,1.898,close_trailing_long
648,1165861,HOOKUSDT,189557.67770000003,-555.5812798200001,14166560.174030758,-1363724.3,2.037,7312635.9,1.898,close_trailing_long
649,1165953,HOOKUSDT,167241.8803000003,-558.11794434,14333243.93638642,-1382164.3,2.019,5930471.600000001,1.898,close_trailing_long
650,1166199,HOOKUSDT,135647.39960000027,-557.9722932000001,14468333.36369322,-1398426.8,1.995,4532044.8,1.898,close_trailing_long
651,1166575,HOOKUSDT,184920.50390000004,-572.8300800200001,14652681.0375132,-1411606.9000000001,2.029,3120437.9000000004,1.898,close_trailing_long
652,1166695,HOOKUSDT,132952.1304000003,-569.2638529600001,14785063.90406024,-1429592.8,1.991,1690845.1,1.898,close_trailing_long
653,1166739,HOOKUSDT,106889.90208000009,-568.9543208960001,14891384.851819346,-1442508.8,1.9721,248336.3,1.898,close_trailing_long
654,1166871,HOOKUSDT,19370.231400000015,-98.14250576,14910656.940713586,-248336.3,1.976,0.0,1.898,close_trailing_long
655,1176965,MKRUSDT,0.0,-5964.2627744,14904692.677939186,50373.841,592.0,50373.841,592.0,entry_initial_normal_long
656,1176984,MKRUSDT,204151.3320000001,-595.2228744,15108248.787064785,-4682.37,635.6,45691.471,592.0,close_trailing_long
657,1176999,MKRUSDT,226842.864,-604.914304,15334486.736760786,-4725.893,640.0,40965.578,592.0,close_trailing_long
658,1177012,MKRUSDT,258540.0278999999,-619.6326679800001,15592407.131992806,-4796.661,645.9,36168.917,592.0,close_trailing_long
659,1177022,MKRUSDT,236063.20759999988,-624.68957912,15827845.650013685,-4877.339,640.4,31291.578,592.0,close_trailing_long
660,1177050,MKRUSDT,383701.33749999997,-662.9368914999999,16210884.050622186,-4950.985,669.5,26340.593,592.0,close_trailing_long
661,1177056,MKRUSDT,365097.60000000003,-673.4022400000001,16575308.248382187,-5070.8,664.0,21269.793,592.0,close_trailing_long
662,1177069,MKRUSDT,318864.7695,-677.6524451,16893495.365437087,-5184.793,653.5,16085.0,592.0,close_trailing_long
663,1177089,MKRUSDT,284296.5235999998,-682.52302952,17177109.366007566,-5284.322,645.8,10800.678,592.0,close_trailing_long
664,1177137,MKRUSDT,304113.89420000016,-696.9903596400001,17480526.269847926,-5373.037,648.6,5427.641,592.0,close_trailing_long
665,1177174,MKRUSDT,371793.40849999996,-716.9913761,17851602.686971825,-5427.641,660.5,0.0,592.0,close_trailing_long
666,1287927,ARPAUSDT,0.0,-7140.641083128001,17844462.045888696,392386036.0,0.09099,392386036.0,0.09099,entry_initial_normal_long
667,1307783,ARPAUSDT,0.0,-3666.73794492,17840795.307943776,414508020.0,0.04423,806894056.0,0.06696900880410006,entry_initial_partial_long
668,1406744,ARPAUSDT,0.0,-1481.6045754240001,17839313.70336835,211416178.0,0.03504,1018310234.0,0.06034007708633125,entry_initial_partial_long
669,1595528,ARPAUSDT,1141746.6021511958,-6042.300279722001,18975018.005239826,-481765291.0,0.06271,536544943.0,0.06034007708633125,close_trailing_long
670,1603910,ARPAUSDT,157224.11424585633,-734.199344128,19131507.920141555,-58232816.0,0.06304,478312127.0,0.06034007708633125,close_trailing_long
671,1606330,ARPAUSDT,0.0,-3034.9778911800004,19128472.942250375,314375170.0,0.04827,792687297.0,0.05555315473966409,entry_initial_partial_long
672,1606507,ARPAUSDT,366940.983172819,-1937.692872256,19493476.232550938,-167794672.0,0.05774,624892625.0,0.05555315473966409,close_trailing_long
673,1606552,ARPAUSDT,283102.79464457807,-778.5765807,19775800.450614817,-64978850.0,0.05991,559913775.0,0.05555315473966409,close_trailing_long
674,1606574,ARPAUSDT,440137.2389506278,-820.4395732400001,20215117.249992207,-65919940.0,0.06223,493993835.0,0.05555315473966409,close_trailing_long
675,1606578,ARPAUSDT,382530.48250355414,-825.188652132,20596822.543843627,-67384342.0,0.06123,426609493.0,0.05555315473966409,close_trailing_long
676,1606594,ARPAUSDT,282649.030569531,-819.3491174700001,20878652.22529569,-68656705.0,0.05967,357952788.0,0.05555315473966409,close_trailing_long
677,1606598,ARPAUSDT,202305.22713774606,-813.718139032,21080143.734294403,-69596146.0,0.05846,288356642.0,0.05555315473966409,close_trailing_long
678,1606619,ARPAUSDT,204960.2702157793,-821.7115362600001,21284282.292973924,-70267790.0,0.05847,218088852.0,0.05555315473966409,close_trailing_long
679,1606643,ARPAUSDT,242419.21907638962,-836.7637548520001,21525864.748295464,-70948258.0,0.05897,147140594.0,0.05555315473966409,close_trailing_long
680,1606716,ARPAUSDT,255933.7776281685,-848.413868784,21780950.112054847,-71753541.0,0.05912,75387053.0,0.05555315473966409,close_trailing_long
681,1606736,ARPAUSDT,242993.79435827018,-855.27315274,22023088.633260377,-72603833.0,0.0589,2783220.0,0.05555315473966409,close_trailing_long
682,1606764,ARPAUSDT,13044.521465472124,-33.53223456,22036099.62249129,-2783220.0,0.06024,0.0,0.05555315473966409,close_trailing_long
683,1606849,PEOPLEUSDT,0.0,-8814.439847970001,22027285.18264332,2249729415.0,0.01959,2249729415.0,0.01959,entry_initial_normal_long
684,1606859,PEOPLEUSDT,188205.98220000032,-856.964572284,22214634.200271036,-209117758.0,0.02049,2040611657.0,0.01959,close_trailing_long
685,1606862,PEOPLEUSDT,333882.2317500002,-889.5126627000001,22547626.919358335,-209988825.0,0.02118,1830622832.0,0.01959,close_trailing_long
686,1606868,PEOPLEUSDT,334624.3269800004,-901.993727248,22881349.25261109,-213136514.0,0.02116,1617486318.0,0.01959,close_trailing_long
687,1606872,PEOPLEUSDT,231431.47593000034,-893.7148210680001,23111887.01372002,-216291099.0,0.02066,1401195219.0,0.01959,close_trailing_long
688,1606875,PEOPLEUSDT,214100.90282000037,-898.7868512260002,23325089.129688796,-218470309.0,0.02057,1182724910.0,0.01959,close_trailing_long
689,1606882,PEOPLEUSDT,350572.1835000003,-933.9772134,23674727.335975397,-220485650.0,0.02118,962239260.0,0.01959,close_trailing_long
690,1606888,PEOPLEUSDT,449819.2748400003,-966.7757548800001,24123579.83506052,-223790684.0,0.0216,738448576.0,0.01959,close_trailing_long
691,1606892,PEOPLEUSDT,451506.4547399998,-983.736790782,24574102.553009737,-228033563.0,0.02157,510415013.0,0.01959,close_trailing_long
692,1606895,PEOPLEUSDT,596991.0310999999,-1029.51916336,25170064.064946376,-232292230.0,0.02216,278122783.0,0.01959,close_trailing_long
693,1606900,PEOPLEUSDT,604331.2526000001,-1053.05910394,25773342.258442435,-237925690.0,0.02213,40197093.0,0.01959,close_trailing_long
694,1606906,PEOPLEUSDT,81198.12786000004,-173.731835946,25854366.65446649,-40197093.0,0.02161,0.0,0.01959,close_trailing_long
695,1607725,POWRUSDT,0.0,-10341.74668828,25844024.90777821,106550038.0,0.4853,106550038.0,0.4853,entry_initial_normal_long
696,1607787,POWRUSDT,188177.5769999996,-998.9258113799999,26031203.55896683,-9904083.0,0.5043,96645955.0,0.4853,close_trailing_long
697,1607795,POWRUSDT,243355.70700000023,-1012.7570565600001,26273546.508910272,-9932886.0,0.5098,86713069.0,0.4853,close_trailing_long
698,1607800,POWRUSDT,221560.41179999954,-1017.37332984,26494089.547380432,-10025358.0,0.5074,76687711.0,0.4853,close_trailing_long
699,1607819,POWRUSDT,421566.65040000016,-1065.5425648,26914590.655215632,-10109512.0,0.527,66578199.0,0.4853,close_trailing_long
700,1607836,POWRUSDT,459067.4355000002,-1088.6162900000002,27372569.474425633,-10269965.0,0.53,56308234.0,0.4853,close_trailing_long
701,1607840,POWRUSDT,410477.45669999946,-1095.85991748,27781951.071208153,-10444719.0,0.5246,45863515.0,0.4853,close_trailing_long
702,1607860,POWRUSDT,633935.5542000002,-1155.71327958,28414730.91212857,-10600929.0,0.5451,35262586.0,0.4853,close_trailing_long
703,1607869,POWRUSDT,674396.2225999997,-1187.2409385,29087939.89379007,-10842383.0,0.5475,24420203.0,0.4853,close_trailing_long
704,1607872,POWRUSDT,631548.0647000001,-1203.60407972,29718284.35441035,-11099263.0,0.5422,13320940.0,0.4853,close_trailing_long
705,1607891,POWRUSDT,619152.3702000005,-1224.4702002600002,30336212.25441009,-11339787.0,0.5399,1981153.0,0.4853,close_trailing_long
706,1607916,POWRUSDT,97670.84289999992,-211.82487876,30433671.272431333,-1981153.0,0.5346,0.0,0.4853,close_trailing_long
707,1611887,POWRUSDT,0.0,-12173.468518680002,30421497.80391265,73564591.0,0.8274,73564591.0,0.8274,entry_initial_normal_long
708,1611914,POWRUSDT,0.0,-2468.37212598,30419029.43178667,18719643.0,0.6593,92284234.0,0.7933013045684488,entry_initial_partial_long
709,1612050,POWRUSDT,0.0,-2507.29818636,30416522.13360031,23952027.0,0.5234,116236261.0,0.7376845522852805,entry_initial_partial_long
710,1612858,POWRUSDT,0.0,-2602.68927028,30413919.44433003,31632101.0,0.4114,147868362.0,0.6678855379929075,entry_initial_partial_long
711,1696076,POWRUSDT,0.0,-3154.4698229000005,30410764.97450713,51763535.0,0.3047,199631897.0,0.5737133761795591,entry_initial_partial_long
